destination	donor	prompt	pair	candidate	early	late_donor	baseline_score	score	score_change	boundary_agrees	logit_delta_l2	block16_last_prompt_delta_l2	final_last_prompt_delta_l2
step512	step1000	bme_original	1	school	native	0	-5.395057201385498	-5.395057201385498	0.0	True	0.0	0.0	0.0
step512	step1000	bme_original	1	school	native	1	-5.395057201385498	-5.301200866699219	0.09385640174150467	True	170.606018185161	2.436413315887174	6.207006483642188
step512	step1000	bme_original	1	school	donor	0	-5.395057201385498	-5.385986804962158	0.009069368243217468	True	60.68655158845884	6.103808342392809	6.8630037186648725
step512	step1000	bme_original	1	school	donor	1	-5.395057201385498	-5.297536849975586	0.0975196436047554	True	182.86649507081353	6.500649204943116	9.360567546609868
step512	step1000	bme_original	1	school	zero	0	-5.395057201385498	-5.8053412437438965	-0.4102841913700104	True	339.1620666921842	20.628587105008798	37.31567990430734
step512	step1000	bme_original	1	school	zero	1	-5.395057201385498	-5.757318496704102	-0.36226150393486023	True	375.04102357508157	20.624431005380124	37.549103002029064
step512	step1000	bme_original	1	check	native	0	-5.613876819610596	-5.613876819610596	0.0	True	0.0	0.0	0.0
step512	step1000	bme_original	1	check	native	1	-5.613876819610596	-5.538076400756836	0.07580060511827469	True	164.97773233304937	2.436413315887174	6.207006483642188
step512	step1000	bme_original	1	check	donor	0	-5.613876819610596	-5.6131768226623535	0.0007000875193625689	True	60.83722490138261	6.103808342392809	6.8630037186648725
step512	step1000	bme_original	1	check	donor	1	-5.613876819610596	-5.538924217224121	0.07495249807834625	True	177.10909273248134	6.500649204943116	9.360567546609868
step512	step1000	bme_original	1	check	zero	0	-5.613876819610596	-6.040614604949951	-0.42673811316490173	True	340.22190705490084	20.628587105008798	37.31567990430734
step512	step1000	bme_original	1	check	zero	1	-5.613876819610596	-6.0056562423706055	-0.39177876710891724	True	374.0222969780839	20.624431005380124	37.549103002029064
step512	step1000	bme_original	2	school	native	0	-4.679704189300537	-4.679704189300537	0.0	True	0.0	0.0	0.0
step512	step1000	bme_original	2	school	native	1	-4.679704189300537	-4.635705471038818	0.04399867728352547	True	157.0802243305415	2.436413315887174	6.207006483642188
step512	step1000	bme_original	2	school	donor	0	-4.679704189300537	-4.671207904815674	0.008496690541505814	True	60.100868624914675	6.103808342392809	6.8630037186648725
step512	step1000	bme_original	2	school	donor	1	-4.679704189300537	-4.629687786102295	0.05001683905720711	True	167.96340583225762	6.500649204943116	9.360567546609868
step512	step1000	bme_original	2	school	zero	0	-4.679704189300537	-5.171839237213135	-0.49213501811027527	True	338.32828243853805	20.628587105008798	37.31567990430734
step512	step1000	bme_original	2	school	zero	1	-4.679704189300537	-5.176178455352783	-0.4964737892150879	True	370.3450236244225	20.624431005380124	37.549103002029064
step512	step1000	bme_original	2	check	native	0	-5.0323076248168945	-5.0323076248168945	0.0	True	0.0	0.0	0.0
step512	step1000	bme_original	2	check	native	1	-5.0323076248168945	-4.979314804077148	0.05299266427755356	True	161.42035273191374	2.436413315887174	6.207006483642188
step512	step1000	bme_original	2	check	donor	0	-5.0323076248168945	-5.023799419403076	0.008507580496370792	True	60.75668288041003	6.103808342392809	6.8630037186648725
step512	step1000	bme_original	2	check	donor	1	-5.0323076248168945	-4.972383499145508	0.0599239319562912	True	172.49029725046262	6.500649204943116	9.360567546609868
step512	step1000	bme_original	2	check	zero	0	-5.0323076248168945	-5.484910011291504	-0.45260316133499146	True	339.58448167005923	20.628587105008798	37.31567990430734
step512	step1000	bme_original	2	check	zero	1	-5.0323076248168945	-5.473426342010498	-0.441118985414505	True	372.7730157064606	20.624431005380124	37.549103002029064
step512	step1000	bme_original	3	school	native	0	-6.416722774505615	-6.416722774505615	0.0	True	0.0	0.0	0.0
step512	step1000	bme_original	3	school	native	1	-6.416722774505615	-6.357044696807861	0.059677015990018845	True	154.3966148656891	2.436413315887174	6.207006483642188
step512	step1000	bme_original	3	school	donor	0	-6.416722774505615	-6.390688419342041	0.026033302769064903	True	64.62695517520939	6.103808342392809	6.8630037186648725
step512	step1000	bme_original	3	school	donor	1	-6.416722774505615	-6.331820011138916	0.08490254729986191	True	167.33088102855777	6.500649204943116	9.360567546609868
step512	step1000	bme_original	3	school	zero	0	-6.416722774505615	-6.903905391693115	-0.48718273639678955	True	340.8809360874631	20.628587105008798	37.31567990430734
step512	step1000	bme_original	3	school	zero	1	-6.416722774505615	-6.883517742156982	-0.466795414686203	True	371.9555513811305	20.624431005380124	37.549103002029064
step512	step1000	bme_original	3	check	native	0	-5.455004692077637	-5.455004692077637	0.0	True	0.0	0.0	0.0
step512	step1000	bme_original	3	check	native	1	-5.455004692077637	-5.3970746994018555	0.057930778712034225	True	181.14093206658393	2.436413315887174	6.207006483642188
step512	step1000	bme_original	3	check	donor	0	-5.455004692077637	-5.444318771362305	0.010686063207685947	True	63.47072064574655	6.103808342392809	6.8630037186648725
step512	step1000	bme_original	3	check	donor	1	-5.455004692077637	-5.384200096130371	0.0708046704530716	True	192.25000636621192	6.500649204943116	9.360567546609868
step512	step1000	bme_original	3	check	zero	0	-5.455004692077637	-5.8376922607421875	-0.3826867341995239	True	341.4111421319774	20.628587105008798	37.31567990430734
step512	step1000	bme_original	3	check	zero	1	-5.455004692077637	-5.811003684997559	-0.35599809885025024	True	382.7296909378304	20.624431005380124	37.549103002029064
step512	step1000	bme_heldout	1	school	native	0	-5.418386459350586	-5.418386459350586	0.0	True	0.0	0.0	0.0
step512	step1000	bme_heldout	1	school	native	1	-5.418386459350586	-5.331679344177246	0.08670783042907715	True	172.09213121009023	2.439204795490018	6.1895328351253065
step512	step1000	bme_heldout	1	school	donor	0	-5.418386459350586	-5.405850410461426	0.012536064721643925	True	61.77382368756325	6.28192190260701	6.955478647178765
step512	step1000	bme_heldout	1	school	donor	1	-5.418386459350586	-5.324091911315918	0.09429526329040527	True	186.21075179274686	6.652221337445299	9.4200480731215
step512	step1000	bme_heldout	1	school	zero	0	-5.418386459350586	-5.847750663757324	-0.42936375737190247	True	328.59077496683767	21.056320406705723	37.36887179187798
step512	step1000	bme_heldout	1	school	zero	1	-5.418386459350586	-5.799930095672607	-0.38154327869415283	True	369.3546786742973	20.986179941478596	37.771928819273974
step512	step1000	bme_heldout	1	check	native	0	-5.64548397064209	-5.64548397064209	0.0	True	0.0	0.0	0.0
step512	step1000	bme_heldout	1	check	native	1	-5.64548397064209	-5.569955825805664	0.07552866637706757	True	165.58783235847494	2.439204795490018	6.1895328351253065
step512	step1000	bme_heldout	1	check	donor	0	-5.64548397064209	-5.642293930053711	0.003190212417393923	True	61.96444267707657	6.28192190260701	6.955478647178765
step512	step1000	bme_heldout	1	check	donor	1	-5.64548397064209	-5.567589282989502	0.07789459824562073	True	179.38098095105067	6.652221337445299	9.4200480731215
step512	step1000	bme_heldout	1	check	zero	0	-5.64548397064209	-6.091262340545654	-0.4457778334617615	True	329.65684174723515	21.056320406705723	37.36887179187798
step512	step1000	bme_heldout	1	check	zero	1	-5.64548397064209	-6.051743507385254	-0.40626004338264465	True	368.18358548060064	20.986179941478596	37.771928819273974
step512	step1000	bme_heldout	2	school	native	0	-4.725354194641113	-4.725354194641113	0.0	True	0.0	0.0	0.0
step512	step1000	bme_heldout	2	school	native	1	-4.725354194641113	-4.679195880889893	0.04615965858101845	True	157.87830068953213	2.439204795490018	6.1895328351253065
step512	step1000	bme_heldout	2	school	donor	0	-4.725354194641113	-4.712008953094482	0.013345536775887012	True	60.9221623819256	6.28192190260701	6.955478647178765
step512	step1000	bme_heldout	2	school	donor	1	-4.725354194641113	-4.667999744415283	0.057355429977178574	True	170.56420581851825	6.652221337445299	9.4200480731215
step512	step1000	bme_heldout	2	school	zero	0	-4.725354194641113	-5.236073970794678	-0.5107192397117615	True	327.7420146809652	21.056320406705723	37.36887179187798
step512	step1000	bme_heldout	2	school	zero	1	-4.725354194641113	-5.234445095062256	-0.5090903043746948	True	364.5679500375558	20.986179941478596	37.771928819273974
step512	step1000	bme_heldout	2	check	native	0	-5.078653335571289	-5.078653335571289	0.0	True	0.0	0.0	0.0
step512	step1000	bme_heldout	2	check	native	1	-5.078653335571289	-5.02590274810791	0.05275062099099159	True	162.0245498414849	2.439204795490018	6.1895328351253065
step512	step1000	bme_heldout	2	check	donor	0	-5.078653335571289	-5.065829277038574	0.01282401941716671	True	61.63001228351302	6.28192190260701	6.955478647178765
step512	step1000	bme_heldout	2	check	donor	1	-5.078653335571289	-5.014747142791748	0.06390614062547684	True	174.81989735470268	6.652221337445299	9.4200480731215
step512	step1000	bme_heldout	2	check	zero	0	-5.078653335571289	-5.548728942871094	-0.47007498145103455	True	329.11414771286434	21.056320406705723	37.36887179187798
step512	step1000	bme_heldout	2	check	zero	1	-5.078653335571289	-5.534618854522705	-0.45596539974212646	True	367.03996869418313	20.986179941478596	37.771928819273974
step512	step1000	bme_heldout	3	school	native	0	-6.404713153839111	-6.404713153839111	0.0	True	0.0	0.0	0.0
step512	step1000	bme_heldout	3	school	native	1	-6.404713153839111	-6.341419219970703	0.06329375505447388	True	154.21571222419107	2.439204795490018	6.1895328351253065
step512	step1000	bme_heldout	3	school	donor	0	-6.404713153839111	-6.376516819000244	0.028196729719638824	True	65.36954964130611	6.28192190260701	6.955478647178765
step512	step1000	bme_heldout	3	school	donor	1	-6.404713153839111	-6.314198970794678	0.09051424264907837	True	168.46029099812	6.652221337445299	9.4200480731215
step512	step1000	bme_heldout	3	school	zero	0	-6.404713153839111	-6.906367778778076	-0.5016544461250305	True	330.50587536751914	21.056320406705723	37.36887179187798
step512	step1000	bme_heldout	3	school	zero	1	-6.404713153839111	-6.875047206878662	-0.47033393383026123	True	365.77232190159776	20.986179941478596	37.771928819273974
step512	step1000	bme_heldout	3	check	native	0	-5.469326496124268	-5.469326496124268	0.0	True	0.0	0.0	0.0
step512	step1000	bme_heldout	3	check	native	1	-5.469326496124268	-5.4105224609375	0.05880390852689743	True	182.4144295280909	2.439204795490018	6.1895328351253065
step512	step1000	bme_heldout	3	check	donor	0	-5.469326496124268	-5.455954551696777	0.013371648266911507	True	64.57088661365847	6.28192190260701	6.955478647178765
step512	step1000	bme_heldout	3	check	donor	1	-5.469326496124268	-5.394810199737549	0.07451696693897247	True	194.97052259686535	6.652221337445299	9.4200480731215
step512	step1000	bme_heldout	3	check	zero	0	-5.469326496124268	-5.870365619659424	-0.40103885531425476	True	331.2601051606242	21.056320406705723	37.36887179187798
step512	step1000	bme_heldout	3	check	zero	1	-5.469326496124268	-5.838627815246582	-0.36930227279663086	True	377.3971788948696	20.986179941478596	37.771928819273974
step512	step1000	unrelated_school_question	1	school	native	0	-5.4018049240112305	-5.4018049240112305	0.0	True	0.0	0.0	0.0
step512	step1000	unrelated_school_question	1	school	native	1	-5.4018049240112305	-5.3122100830078125	0.08959496766328812	True	173.1428574898512	2.4603797284846345	6.192052439400787
step512	step1000	unrelated_school_question	1	school	donor	0	-5.4018049240112305	-5.395909309387207	0.005896717309951782	True	59.84760270295042	6.034859678927552	6.7801178348928515
step512	step1000	unrelated_school_question	1	school	donor	1	-5.4018049240112305	-5.311920642852783	0.08988409489393234	True	185.0430488551531	6.426709135933982	9.356440137014303
step512	step1000	unrelated_school_question	1	school	zero	0	-5.4018049240112305	-5.793837547302246	-0.3920321762561798	True	327.8027307187866	20.558394491795042	36.88207576430332
step512	step1000	unrelated_school_question	1	school	zero	1	-5.4018049240112305	-5.7603888511657715	-0.3585832417011261	True	367.3129316393164	20.523556359878672	37.27240135937734
step512	step1000	unrelated_school_question	1	check	native	0	-5.603461742401123	-5.603461742401123	0.0	True	0.0	0.0	0.0
step512	step1000	unrelated_school_question	1	check	native	1	-5.603461742401123	-5.527175426483154	0.07628704607486725	True	166.14351722855193	2.4603797284846345	6.192052439400787
step512	step1000	unrelated_school_question	1	check	donor	0	-5.603461742401123	-5.606705188751221	-0.0032437557820230722	True	59.89960568000908	6.034859678927552	6.7801178348928515
step512	step1000	unrelated_school_question	1	check	donor	1	-5.603461742401123	-5.531620979309082	0.07184091210365295	True	177.7343664151245	6.426709135933982	9.356440137014303
step512	step1000	unrelated_school_question	1	check	zero	0	-5.603461742401123	-6.017568588256836	-0.4141070246696472	True	328.8112492359272	20.558394491795042	36.88207576430332
step512	step1000	unrelated_school_question	1	check	zero	1	-5.603461742401123	-5.99167537689209	-0.3882128894329071	True	365.78114148382053	20.523556359878672	37.27240135937734
step512	step1000	unrelated_school_question	2	school	native	0	-4.653639793395996	-4.653639793395996	0.0	True	0.0	0.0	0.0
step512	step1000	unrelated_school_question	2	school	native	1	-4.653639793395996	-4.619044303894043	0.03459520637989044	True	160.2897775965271	2.4603797284846345	6.192052439400787
step512	step1000	unrelated_school_question	2	school	donor	0	-4.653639793395996	-4.647210597991943	0.006429207976907492	True	59.116115089632515	6.034859678927552	6.7801178348928515
step512	step1000	unrelated_school_question	2	school	donor	1	-4.653639793395996	-4.614481449127197	0.03915853425860405	True	170.90084541292146	6.426709135933982	9.356440137014303
step512	step1000	unrelated_school_question	2	school	zero	0	-4.653639793395996	-5.130612850189209	-0.476973295211792	True	326.92166998755897	20.558394491795042	36.88207576430332
step512	step1000	unrelated_school_question	2	school	zero	1	-4.653639793395996	-5.158120632171631	-0.5044814348220825	True	362.676812937727	20.523556359878672	37.27240135937734
step512	step1000	unrelated_school_question	2	check	native	0	-4.990695476531982	-4.990695476531982	0.0	True	0.0	0.0	0.0
step512	step1000	unrelated_school_question	2	check	native	1	-4.990695476531982	-4.948442459106445	0.04225355386734009	True	164.55296045748364	2.4603797284846345	6.192052439400787
step512	step1000	unrelated_school_question	2	check	donor	0	-4.990695476531982	-4.984825611114502	0.005871243309229612	True	59.67264675744498	6.034859678927552	6.7801178348928515
step512	step1000	unrelated_school_question	2	check	donor	1	-4.990695476531982	-4.943958759307861	0.04673757776618004	True	175.19519185970998	6.426709135933982	9.356440137014303
step512	step1000	unrelated_school_question	2	check	zero	0	-4.990695476531982	-5.428188800811768	-0.4374927878379822	True	328.1883122875983	20.558394491795042	36.88207576430332
step512	step1000	unrelated_school_question	2	check	zero	1	-4.990695476531982	-5.440655708312988	-0.44995927810668945	True	365.0253795766926	20.523556359878672	37.27240135937734
step512	step1000	unrelated_school_question	3	school	native	0	-6.414003849029541	-6.414003849029541	0.0	True	0.0	0.0	0.0
step512	step1000	unrelated_school_question	3	school	native	1	-6.414003849029541	-6.355769634246826	0.058234479278326035	True	155.58160311613983	2.4603797284846345	6.192052439400787
step512	step1000	unrelated_school_question	3	school	donor	0	-6.414003849029541	-6.390611171722412	0.02339266985654831	True	63.88269873848982	6.034859678927552	6.7801178348928515
step512	step1000	unrelated_school_question	3	school	donor	1	-6.414003849029541	-6.333463191986084	0.08054038882255554	True	168.34555567774157	6.426709135933982	9.356440137014303
step512	step1000	unrelated_school_question	3	school	zero	0	-6.414003849029541	-6.884628772735596	-0.4706253111362457	True	329.87762158990495	20.558394491795042	36.88207576430332
step512	step1000	unrelated_school_question	3	school	zero	1	-6.414003849029541	-6.875034332275391	-0.46103036403656006	True	363.36051283800737	20.523556359878672	37.27240135937734
step512	step1000	unrelated_school_question	3	check	native	0	-5.437860012054443	-5.437860012054443	0.0	True	0.0	0.0	0.0
step512	step1000	unrelated_school_question	3	check	native	1	-5.437860012054443	-5.374737739562988	0.06312248110771179	True	180.5996723739254	2.4603797284846345	6.192052439400787
step512	step1000	unrelated_school_question	3	check	donor	0	-5.437860012054443	-5.429987907409668	0.00787182804197073	True	62.48299240796631	6.034859678927552	6.7801178348928515
step512	step1000	unrelated_school_question	3	check	donor	1	-5.437860012054443	-5.364520072937012	0.07333967089653015	True	191.68662199529223	6.426709135933982	9.356440137014303
step512	step1000	unrelated_school_question	3	check	zero	0	-5.437860012054443	-5.809842109680176	-0.3719818890094757	True	330.1624837455472	20.558394491795042	36.88207576430332
step512	step1000	unrelated_school_question	3	check	zero	1	-5.437860012054443	-5.786097049713135	-0.34823721647262573	True	373.63149430208273	20.523556359878672	37.27240135937734
step512	step1000	neutral_1			native	0	-5.398017406463623	-5.398017406463623	0.0	True	0.0	0.0	0.0
step512	step1000	neutral_1			native	1	-5.398017406463623	-5.44159460067749	-0.0435771606862545	True	132.92459323082997	3.0007612136048243	8.141245787504747
step512	step1000	neutral_1			donor	0	-5.398017406463623	-5.355365753173828	0.04265185818076134	True	41.35554671371353	2.9859304143999643	4.1872930261061825
step512	step1000	neutral_1			donor	1	-5.398017406463623	-5.401830196380615	-0.0038128921296447515	True	141.85749449546063	4.1459577828303775	9.358130630333367
step512	step1000	neutral_1			zero	0	-5.398017406463623	-6.007075309753418	-0.6090580821037292	True	244.87147670441755	11.838204849430321	20.728309820617657
step512	step1000	neutral_1			zero	1	-5.398017406463623	-6.059511661529541	-0.6614938378334045	True	261.03443980351676	11.982905477517143	21.74835356804652
step512	step1000	neutral_2			native	0	-6.069484710693359	-6.069484710693359	0.0	True	0.0	0.0	0.0
step512	step1000	neutral_2			native	1	-6.069484710693359	-6.011534214019775	0.05795001983642578	True	132.64198310972162	3.133904098445891	7.872461161741662
step512	step1000	neutral_2			donor	0	-6.069484710693359	-6.103543758392334	-0.03406006842851639	True	30.257398553885064	2.7230804860143727	3.6159123769043116
step512	step1000	neutral_2			donor	1	-6.069484710693359	-6.038331508636475	0.03115231730043888	True	137.27744302994847	4.043436955886652	8.760508608257602
step512	step1000	neutral_2			zero	0	-6.069484710693359	-6.127056121826172	-0.05757233127951622	True	244.7474300259977	13.168558215803055	24.323439106492895
step512	step1000	neutral_2			zero	1	-6.069484710693359	-6.063540458679199	0.0059436047449707985	True	272.31456529548797	13.121552241840307	24.406726308440323
step512	step1000	neutral_3			native	0	-4.814559459686279	-4.814559459686279	0.0	True	0.0	0.0	0.0
step512	step1000	neutral_3			native	1	-4.814559459686279	-4.810291767120361	0.004267164506018162	True	130.93648804628063	2.980442326327163	7.4665307692566465
step512	step1000	neutral_3			donor	0	-4.814559459686279	-4.837135314941406	-0.022575855255126953	True	36.951981405642464	2.903594359441533	3.802446388151431
step512	step1000	neutral_3			donor	1	-4.814559459686279	-4.832606315612793	-0.01804681308567524	True	137.20291603243078	4.16341556444062	8.647413450615439
step512	step1000	neutral_3			zero	0	-4.814559459686279	-5.153369426727295	-0.33881011605262756	True	337.34860136823227	14.460574776260495	28.45766799669468
step512	step1000	neutral_3			zero	1	-4.814559459686279	-5.1349334716796875	-0.3203740119934082	True	358.35858519213	14.537220552394515	28.74561027576343
step1000	step512	bme_original	1	school	native	0	-3.8665668964385986	-3.8665668964385986	0.0	True	0.0	0.0	0.0
step1000	step512	bme_original	1	school	native	1	-3.8665668964385986	-3.9868991374969482	-0.12033282220363617	True	244.14945177313635	2.3640823841420193	7.311913518294237
step1000	step512	bme_original	1	school	donor	0	-3.8665668964385986	-3.9317092895507812	-0.06514282524585724	True	123.04753380101528	5.075526614969482	10.420655635797809
step1000	step512	bme_original	1	school	donor	1	-3.8665668964385986	-4.0517778396606445	-0.1852107048034668	True	264.49359200385993	5.535593560130555	12.679451097931121
step1000	step512	bme_original	1	school	zero	0	-3.8665668964385986	-4.421725749969482	-0.555159330368042	True	422.5725947015004	15.758916475387636	34.75977001810466
step1000	step512	bme_original	1	school	zero	1	-3.8665668964385986	-4.632161617279053	-0.7655943632125854	True	491.4606858704957	15.71931939566986	35.656653486506436
step1000	step512	bme_original	1	check	native	0	-4.734161853790283	-4.734161853790283	0.0	True	0.0	0.0	0.0
step1000	step512	bme_original	1	check	native	1	-4.734161853790283	-4.851561069488525	-0.1173991709947586	True	247.55970920589	2.3640823841420193	7.311913518294237
step1000	step512	bme_original	1	check	donor	0	-4.734161853790283	-4.745778560638428	-0.011616440489888191	True	124.36882988225571	5.075526614969482	10.420655635797809
step1000	step512	bme_original	1	check	donor	1	-4.734161853790283	-4.865284442901611	-0.1311226487159729	True	268.17649169871095	5.535593560130555	12.679451097931121
step1000	step512	bme_original	1	check	zero	0	-4.734161853790283	-5.114272594451904	-0.38011088967323303	True	409.0271714889877	15.758916475387636	34.75977001810466
step1000	step512	bme_original	1	check	zero	1	-4.734161853790283	-5.297231674194336	-0.5630695819854736	True	486.16097455593683	15.71931939566986	35.656653486506436
step1000	step512	bme_original	2	school	native	0	-3.7268879413604736	-3.7268879413604736	0.0	True	0.0	0.0	0.0
step1000	step512	bme_original	2	school	native	1	-3.7268879413604736	-3.841310739517212	-0.11442261189222336	True	244.77187465813725	2.3640823841420193	7.311913518294237
step1000	step512	bme_original	2	school	donor	0	-3.7268879413604736	-3.766791343688965	-0.039902761578559875	True	122.73742152842402	5.075526614969482	10.420655635797809
step1000	step512	bme_original	2	school	donor	1	-3.7268879413604736	-3.884660005569458	-0.15777240693569183	True	264.03862785042014	5.535593560130555	12.679451097931121
step1000	step512	bme_original	2	school	zero	0	-3.7268879413604736	-4.183642387390137	-0.4567544460296631	True	409.20999411498593	15.758916475387636	34.75977001810466
step1000	step512	bme_original	2	school	zero	1	-3.7268879413604736	-4.392180442810059	-0.6652922034263611	True	481.98484297713867	15.71931939566986	35.656653486506436
step1000	step512	bme_original	2	check	native	0	-3.90004825592041	-3.90004825592041	0.0	True	0.0	0.0	0.0
step1000	step512	bme_original	2	check	native	1	-3.90004825592041	-3.951662302017212	-0.05161413922905922	True	251.41066209406924	2.3640823841420193	7.311913518294237
step1000	step512	bme_original	2	check	donor	0	-3.90004825592041	-3.924656391143799	-0.024608012288808823	True	123.27917618525639	5.075526614969482	10.420655635797809
step1000	step512	bme_original	2	check	donor	1	-3.90004825592041	-3.974447011947632	-0.07439916580915451	True	270.83727455487605	5.535593560130555	12.679451097931121
step1000	step512	bme_original	2	check	zero	0	-3.90004825592041	-4.224238872528076	-0.32419058680534363	True	410.331399138654	15.758916475387636	34.75977001810466
step1000	step512	bme_original	2	check	zero	1	-3.90004825592041	-4.33997917175293	-0.43993085622787476	True	485.64895240836717	15.71931939566986	35.656653486506436
step1000	step512	bme_original	3	school	native	0	-5.0493035316467285	-5.0493035316467285	0.0	True	0.0	0.0	0.0
step1000	step512	bme_original	3	school	native	1	-5.0493035316467285	-5.180253982543945	-0.13095027208328247	True	263.46331678156196	2.3640823841420193	7.311913518294237
step1000	step512	bme_original	3	school	donor	0	-5.0493035316467285	-5.086861610412598	-0.03755820915102959	True	123.01786358490915	5.075526614969482	10.420655635797809
step1000	step512	bme_original	3	school	donor	1	-5.0493035316467285	-5.223421096801758	-0.17411743104457855	True	281.6307580643734	5.535593560130555	12.679451097931121
step1000	step512	bme_original	3	school	zero	0	-5.0493035316467285	-5.567739009857178	-0.5184357762336731	True	398.33769636812445	15.758916475387636	34.75977001810466
step1000	step512	bme_original	3	school	zero	1	-5.0493035316467285	-5.774150371551514	-0.724846363067627	True	478.2255515276662	15.71931939566986	35.656653486506436
step1000	step512	bme_original	3	check	native	0	-4.473585605621338	-4.473585605621338	0.0	True	0.0	0.0	0.0
step1000	step512	bme_original	3	check	native	1	-4.473585605621338	-4.505025863647461	-0.031439654529094696	True	277.50896781720047	2.3640823841420193	7.311913518294237
step1000	step512	bme_original	3	check	donor	0	-4.473585605621338	-4.500455856323242	-0.026869451627135277	True	124.38843838974236	5.075526614969482	10.420655635797809
step1000	step512	bme_original	3	check	donor	1	-4.473585605621338	-4.5355024337768555	-0.06191670149564743	True	296.2671206299765	5.535593560130555	12.679451097931121
step1000	step512	bme_original	3	check	zero	0	-4.473585605621338	-4.825709342956543	-0.35212332010269165	True	399.9056741696181	15.758916475387636	34.75977001810466
step1000	step512	bme_original	3	check	zero	1	-4.473585605621338	-4.930856227874756	-0.4572702944278717	True	489.64712604102476	15.71931939566986	35.656653486506436
step1000	step512	bme_heldout	1	school	native	0	-3.870750904083252	-3.870750904083252	0.0	True	0.0	0.0	0.0
step1000	step512	bme_heldout	1	school	native	1	-3.870750904083252	-3.9778313636779785	-0.10708009451627731	True	240.4015703552182	2.349304860788672	7.250985194682664
step1000	step512	bme_heldout	1	school	donor	0	-3.870750904083252	-3.937028169631958	-0.06627704948186874	True	124.16527302741314	5.117229967990717	10.610286887046787
step1000	step512	bme_heldout	1	school	donor	1	-3.870750904083252	-4.041555404663086	-0.17080441117286682	True	258.96654809539206	5.5793161213068165	12.6399008075505
step1000	step512	bme_heldout	1	school	zero	0	-3.870750904083252	-4.404505252838135	-0.5337539315223694	True	432.0965779305404	15.743324405196821	35.082349690634715
step1000	step512	bme_heldout	1	school	zero	1	-3.870750904083252	-4.609759330749512	-0.739008367061615	True	497.5274098707052	15.728133416159707	36.15328461265335
step1000	step512	bme_heldout	1	check	native	0	-4.732421398162842	-4.732421398162842	0.0	True	0.0	0.0	0.0
step1000	step512	bme_heldout	1	check	native	1	-4.732421398162842	-4.851075172424316	-0.11865373700857162	True	247.48452907983173	2.349304860788672	7.250985194682664
step1000	step512	bme_heldout	1	check	donor	0	-4.732421398162842	-4.738165855407715	-0.00574421975761652	True	125.02477867823578	5.117229967990717	10.610286887046787
step1000	step512	bme_heldout	1	check	donor	1	-4.732421398162842	-4.85575532913208	-0.12333360314369202	True	266.0804280964507	5.5793161213068165	12.6399008075505
step1000	step512	bme_heldout	1	check	zero	0	-4.732421398162842	-5.079480171203613	-0.34705859422683716	True	413.6537944995297	15.743324405196821	35.082349690634715
step1000	step512	bme_heldout	1	check	zero	1	-4.732421398162842	-5.269215106964111	-0.5367937088012695	True	489.49717886928187	15.728133416159707	36.15328461265335
step1000	step512	bme_heldout	2	school	native	0	-3.7583835124969482	-3.7583835124969482	0.0	True	0.0	0.0	0.0
step1000	step512	bme_heldout	2	school	native	1	-3.7583835124969482	-3.8595283031463623	-0.10114464163780212	True	241.9320299392036	2.349304860788672	7.250985194682664
step1000	step512	bme_heldout	2	school	donor	0	-3.7583835124969482	-3.7960870265960693	-0.03770336136221886	True	123.24207398425041	5.117229967990717	10.610286887046787
step1000	step512	bme_heldout	2	school	donor	1	-3.7583835124969482	-3.8995535373687744	-0.1411702185869217	True	259.56287918574975	5.5793161213068165	12.6399008075505
step1000	step512	bme_heldout	2	school	zero	0	-3.7583835124969482	-4.170323371887207	-0.41194048523902893	True	413.92255183397725	15.743324405196821	35.082349690634715
step1000	step512	bme_heldout	2	school	zero	1	-3.7583835124969482	-4.383838176727295	-0.6254551410675049	True	483.8241385231173	15.728133416159707	36.15328461265335
step1000	step512	bme_heldout	2	check	native	0	-3.9129419326782227	-3.9129419326782227	0.0	True	0.0	0.0	0.0
step1000	step512	bme_heldout	2	check	native	1	-3.9129419326782227	-3.9642221927642822	-0.05128052085638046	True	248.63257330814653	2.349304860788672	7.250985194682664
step1000	step512	bme_heldout	2	check	donor	0	-3.9129419326782227	-3.9355177879333496	-0.022575896233320236	True	123.75412866098395	5.117229967990717	10.610286887046787
step1000	step512	bme_heldout	2	check	donor	1	-3.9129419326782227	-3.9844868183135986	-0.07154517620801926	True	266.3896103198929	5.5793161213068165	12.6399008075505
step1000	step512	bme_heldout	2	check	zero	0	-3.9129419326782227	-4.213893413543701	-0.3009519577026367	True	415.0406388591283	15.743324405196821	35.082349690634715
step1000	step512	bme_heldout	2	check	zero	1	-3.9129419326782227	-4.341094017028809	-0.4281526803970337	True	487.42588413023765	15.728133416159707	36.15328461265335
step1000	step512	bme_heldout	3	school	native	0	-5.010509967803955	-5.010509967803955	0.0	True	0.0	0.0	0.0
step1000	step512	bme_heldout	3	school	native	1	-5.010509967803955	-5.143730163574219	-0.13322006165981293	True	261.4872842733938	2.349304860788672	7.250985194682664
step1000	step512	bme_heldout	3	school	donor	0	-5.010509967803955	-5.053821086883545	-0.04331096634268761	True	124.98673373326275	5.117229967990717	10.610286887046787
step1000	step512	bme_heldout	3	school	donor	1	-5.010509967803955	-5.188669204711914	-0.17815883457660675	True	276.88116495752325	5.5793161213068165	12.6399008075505
step1000	step512	bme_heldout	3	school	zero	0	-5.010509967803955	-5.516509532928467	-0.5059990286827087	True	408.6466106760842	15.743324405196821	35.082349690634715
step1000	step512	bme_heldout	3	school	zero	1	-5.010509967803955	-5.726706027984619	-0.7161960601806641	True	483.339883921223	15.728133416159707	36.15328461265335
step1000	step512	bme_heldout	3	check	native	0	-4.476974964141846	-4.476974964141846	0.0	True	0.0	0.0	0.0
step1000	step512	bme_heldout	3	check	native	1	-4.476974964141846	-4.527327537536621	-0.05035219341516495	True	272.88753551086927	2.349304860788672	7.250985194682664
step1000	step512	bme_heldout	3	check	donor	0	-4.476974964141846	-4.5043840408325195	-0.027408821508288383	True	126.36205451001338	5.117229967990717	10.610286887046787
step1000	step512	bme_heldout	3	check	donor	1	-4.476974964141846	-4.55556058883667	-0.07858569175004959	True	288.9863623468428	5.5793161213068165	12.6399008075505
step1000	step512	bme_heldout	3	check	zero	0	-4.476974964141846	-4.808688640594482	-0.33171364665031433	True	410.2419346275346	15.743324405196821	35.082349690634715
step1000	step512	bme_heldout	3	check	zero	1	-4.476974964141846	-4.9346022605896	-0.4576275050640106	True	492.92738232811377	15.728133416159707	36.15328461265335
step1000	step512	unrelated_school_question	1	school	native	0	-4.237002372741699	-4.237002372741699	0.0	True	0.0	0.0	0.0
step1000	step512	unrelated_school_question	1	school	native	1	-4.237002372741699	-4.269318103790283	-0.03231482952833176	True	263.6199965714809	2.3893595702459556	7.4359680958552605
step1000	step512	unrelated_school_question	1	school	donor	0	-4.237002372741699	-4.286139965057373	-0.04913733899593353	True	109.54664285781018	4.745213923255447	9.565687734173034
step1000	step512	unrelated_school_question	1	school	donor	1	-4.237002372741699	-4.317695617675781	-0.08069273829460144	True	281.1923841207306	5.265326387138291	12.166813905887997
step1000	step512	unrelated_school_question	1	school	zero	0	-4.237002372741699	-4.675196170806885	-0.43819373846054077	True	381.5752142959152	15.35646012138228	36.124677251451516
step1000	step512	unrelated_school_question	1	school	zero	1	-4.237002372741699	-4.801778793334961	-0.5647764205932617	True	476.68312559762455	15.42504804460773	37.22103456493884
step1000	step512	unrelated_school_question	1	check	native	0	-5.030266761779785	-5.030266761779785	0.0	True	0.0	0.0	0.0
step1000	step512	unrelated_school_question	1	check	native	1	-5.030266761779785	-5.092238903045654	-0.0619712695479393	True	261.35583831974367	2.3893595702459556	7.4359680958552605
step1000	step512	unrelated_school_question	1	check	donor	0	-5.030266761779785	-5.0592570304870605	-0.028989525511860847	True	109.94898472277718	4.745213923255447	9.565687734173034
step1000	step512	unrelated_school_question	1	check	donor	1	-5.030266761779785	-5.123736381530762	-0.09346887469291687	True	278.96307815459767	5.265326387138291	12.166813905887997
step1000	step512	unrelated_school_question	1	check	zero	0	-5.030266761779785	-5.422471046447754	-0.39220383763313293	True	377.95523087853724	15.35646012138228	36.124677251451516
step1000	step512	unrelated_school_question	1	check	zero	1	-5.030266761779785	-5.567500591278076	-0.5372334718704224	True	471.14194645390086	15.42504804460773	37.22103456493884
step1000	step512	unrelated_school_question	2	school	native	0	-4.097519874572754	-4.097519874572754	0.0	True	0.0	0.0	0.0
step1000	step512	unrelated_school_question	2	school	native	1	-4.097519874572754	-4.166286945343018	-0.06876704841852188	True	258.41567923783106	2.3893595702459556	7.4359680958552605
step1000	step512	unrelated_school_question	2	school	donor	0	-4.097519874572754	-4.1389031410217285	-0.04138314351439476	True	108.58749609357817	4.745213923255447	9.565687734173034
step1000	step512	unrelated_school_question	2	school	donor	1	-4.097519874572754	-4.20872163772583	-0.11120188981294632	True	274.99422191150717	5.265326387138291	12.166813905887997
step1000	step512	unrelated_school_question	2	school	zero	0	-4.097519874572754	-4.5326247215271	-0.43510475754737854	True	375.87126395322906	15.35646012138228	36.124677251451516
step1000	step512	unrelated_school_question	2	school	zero	1	-4.097519874572754	-4.683576583862305	-0.5860564112663269	True	471.91117314405824	15.42504804460773	37.22103456493884
step1000	step512	unrelated_school_question	2	check	native	0	-4.256618976593018	-4.256618976593018	0.0	True	0.0	0.0	0.0
step1000	step512	unrelated_school_question	2	check	native	1	-4.256618976593018	-4.250538349151611	0.006080916151404381	True	264.7473533150617	2.3893595702459556	7.4359680958552605
step1000	step512	unrelated_school_question	2	check	donor	0	-4.256618976593018	-4.293329238891602	-0.03670993819832802	True	109.02817482768592	4.745213923255447	9.565687734173034
step1000	step512	unrelated_school_question	2	check	donor	1	-4.256618976593018	-4.288237571716309	-0.03161820396780968	True	281.2760928430415	5.265326387138291	12.166813905887997
step1000	step512	unrelated_school_question	2	check	zero	0	-4.256618976593018	-4.605960369110107	-0.3493419885635376	True	377.03527850122333	15.35646012138228	36.124677251451516
step1000	step512	unrelated_school_question	2	check	zero	1	-4.256618976593018	-4.683666229248047	-0.4270472526550293	True	475.4874507217249	15.42504804460773	37.22103456493884
step1000	step512	unrelated_school_question	3	school	native	0	-5.477699279785156	-5.477699279785156	0.0	True	0.0	0.0	0.0
step1000	step512	unrelated_school_question	3	school	native	1	-5.477699279785156	-5.528404235839844	-0.0507052056491375	True	277.6913650233376	2.3893595702459556	7.4359680958552605
step1000	step512	unrelated_school_question	3	school	donor	0	-5.477699279785156	-5.49603271484375	-0.018333693966269493	True	109.52170775253319	4.745213923255447	9.565687734173034
step1000	step512	unrelated_school_question	3	school	donor	1	-5.477699279785156	-5.551344394683838	-0.0736457034945488	True	292.8542446764121	5.265326387138291	12.166813905887997
step1000	step512	unrelated_school_question	3	school	zero	0	-5.477699279785156	-5.896492004394531	-0.41879239678382874	True	376.5176105397992	15.35646012138228	36.124677251451516
step1000	step512	unrelated_school_question	3	school	zero	1	-5.477699279785156	-6.021335601806641	-0.5436369776725769	True	480.5177663365786	15.42504804460773	37.22103456493884
step1000	step512	unrelated_school_question	3	check	native	0	-4.760469436645508	-4.760469436645508	0.0	True	0.0	0.0	0.0
step1000	step512	unrelated_school_question	3	check	native	1	-4.760469436645508	-4.754866123199463	0.005603828001767397	True	304.5952603443315	2.3893595702459556	7.4359680958552605
step1000	step512	unrelated_school_question	3	check	donor	0	-4.760469436645508	-4.76509428024292	-0.004624899011105299	True	110.50299703566071	4.745213923255447	9.565687734173034
step1000	step512	unrelated_school_question	3	check	donor	1	-4.760469436645508	-4.76902437210083	-0.008553906343877316	True	320.49553418933453	5.265326387138291	12.166813905887997
step1000	step512	unrelated_school_question	3	check	zero	0	-4.760469436645508	-5.090280055999756	-0.32981055974960327	True	379.161699403821	15.35646012138228	36.124677251451516
step1000	step512	unrelated_school_question	3	check	zero	1	-4.760469436645508	-5.170594215393066	-0.4101247191429138	True	497.50700398534656	15.42504804460773	37.22103456493884
step1000	step512	neutral_1			native	0	-4.702523231506348	-4.702523231506348	0.0	True	0.0	0.0	0.0
step1000	step512	neutral_1			native	1	-4.702523231506348	-4.647568702697754	0.05495452880859375	True	205.621295216309	2.5356937891050424	9.492358378823669
step1000	step512	neutral_1			donor	0	-4.702523231506348	-4.730166912078857	-0.02764347568154335	True	41.9336115379406	1.5942947468213775	3.2494794988618723
step1000	step512	neutral_1			donor	1	-4.702523231506348	-4.6787919998168945	0.023731470108032227	True	208.35132931705232	2.94842431817969	9.909693918165916
step1000	step512	neutral_1			zero	0	-4.702523231506348	-5.11226224899292	-0.40973910689353943	True	326.03610097871734	8.32727818893965	25.18272719462276
step1000	step512	neutral_1			zero	1	-4.702523231506348	-5.049692630767822	-0.34716907143592834	True	398.6102728010725	8.518475753709453	28.02246383617006
step1000	step512	neutral_2			native	0	-4.463375091552734	-4.463375091552734	0.0	True	0.0	0.0	0.0
step1000	step512	neutral_2			native	1	-4.463375091552734	-4.482688903808594	-0.019314050674438477	True	181.25093775244034	2.5982398885299998	9.67043027147174
step1000	step512	neutral_2			donor	0	-4.463375091552734	-4.484333515167236	-0.02095811627805233	True	38.14319658570067	1.4543577724341896	3.1726760336217184
step1000	step512	neutral_2			donor	1	-4.463375091552734	-4.495736122131348	-0.03236103057861328	True	185.5674438537475	2.9971420537703057	10.11910880388642
step1000	step512	neutral_2			zero	0	-4.463375091552734	-4.601430416107178	-0.13805542886257172	True	270.0932442255347	6.941490075597101	20.55036607843959
step1000	step512	neutral_2			zero	1	-4.463375091552734	-4.597456932067871	-0.13408184051513672	True	293.7799340572972	7.133997121377521	21.348613446218252
step1000	step512	neutral_3			native	0	-4.3483147621154785	-4.3483147621154785	0.0	True	0.0	0.0	0.0
step1000	step512	neutral_3			native	1	-4.3483147621154785	-4.406249046325684	-0.057934097945690155	True	181.7756791013462	2.672795902041112	8.251723834254797
step1000	step512	neutral_3			donor	0	-4.3483147621154785	-4.331477642059326	0.016837136819958687	True	30.28335367364931	1.463358743706937	2.5044816915068737
step1000	step512	neutral_3			donor	1	-4.3483147621154785	-4.386693477630615	-0.03837936371564865	True	175.21705423506378	3.0074883937538024	8.46027461776842
step1000	step512	neutral_3			zero	0	-4.3483147621154785	-4.372150421142578	-0.023835692554712296	True	306.01611734615085	8.877207305594814	21.900670496497735
step1000	step512	neutral_3			zero	1	-4.3483147621154785	-4.440430164337158	-0.09211592376232147	True	335.24418344350147	8.968834309838078	23.468968728437634
