destination	source	scope	action	prompt	pair	school_mean	check_mean	pair_margin	baseline	margin	delta	neutral_delta	boundary_agrees
step512		none	baseline	bme_original	1	-5.39505650	-5.61387693	+0.21882043	-0.13009838	-0.13009838			True
step512		none	baseline	bme_original	2	-4.67970371	-5.03230638	+0.35260267	-0.13009838	-0.13009838			True
step512		none	baseline	bme_original	3	-6.41672262	-5.45500437	-0.96171824	-0.13009838	-0.13009838			True
step512		none	baseline	bme_heldout	1	-5.41838719	-5.64548375	+0.22709656	-0.11833030	-0.11833030			True
step512		none	baseline	bme_heldout	2	-4.72535483	-5.07865378	+0.35329895	-0.11833030	-0.11833030			True
step512		none	baseline	bme_heldout	3	-6.40471268	-5.46932627	-0.93538640	-0.11833030	-0.11833030			True
step512		none	baseline	bme_job_question	1	-5.38536835	-5.62821198	+0.24284363	-0.11534520	-0.11534520			True
step512		none	baseline	bme_job_question	2	-4.68638039	-5.04303389	+0.35665351	-0.11534520	-0.11534520			True
step512		none	baseline	bme_job_question	3	-6.40372213	-5.45818939	-0.94553274	-0.11534520	-0.11534520			True
step512		none	baseline	unrelated_school_question	1	-5.40180558	-5.60346163	+0.20165605	-0.14581090	-0.14581090			True
step512		none	baseline	unrelated_school_question	2	-4.65364011	-4.99069566	+0.33705555	-0.14581090	-0.14581090			True
step512		none	baseline	unrelated_school_question	3	-6.41400337	-5.43785909	-0.97614428	-0.14581090	-0.14581090			True
step512		prompt	zero	bme_original	1	-5.77047201	-6.05871347	+0.28824146	-0.13009838	-0.12865798	+0.00144041	-0.62209102	True
step512		prompt	zero	bme_original	2	-5.21870168	-5.55217978	+0.33347810	-0.13009838	-0.12865798	+0.00144041	-0.62209102	True
step512		prompt	zero	bme_original	3	-6.84069316	-5.83299967	-1.00769348	-0.13009838	-0.12865798	+0.00144041	-0.62209102	True
step512		prompt	zero	bme_heldout	1	-5.86274543	-6.12557807	+0.26283264	-0.11833030	-0.14175900	-0.02342870	-0.62209102	True
step512		prompt	zero	bme_heldout	2	-5.32151540	-5.65705637	+0.33554097	-0.11833030	-0.14175900	-0.02342870	-0.62209102	True
step512		prompt	zero	bme_heldout	3	-6.92095439	-5.89730377	-1.02365061	-0.11833030	-0.14175900	-0.02342870	-0.62209102	True
step512		prompt	zero	bme_job_question	1	-5.80309883	-6.09218715	+0.28908832	-0.11534520	-0.12060760	-0.00526240	-0.62209102	True
step512		prompt	zero	bme_job_question	2	-5.22507731	-5.56375650	+0.33867919	-0.11534520	-0.12060760	-0.00526240	-0.62209102	True
step512		prompt	zero	bme_job_question	3	-6.84404945	-5.85445913	-0.98959033	-0.11534520	-0.12060760	-0.00526240	-0.62209102	True
step512		prompt	zero	unrelated_school_question	1	-5.75434406	-6.05304542	+0.29870136	-0.14581090	-0.11198995	+0.03382095	-0.62209102	True
step512		prompt	zero	unrelated_school_question	2	-5.17225456	-5.51473764	+0.34248308	-0.14581090	-0.11198995	+0.03382095	-0.62209102	True
step512		prompt	zero	unrelated_school_question	3	-6.81967036	-5.84251607	-0.97715429	-0.14581090	-0.11198995	+0.03382095	-0.62209102	True
step512		last_prompt	zero	bme_original	1	-5.80534128	-6.04061538	+0.23527409	-0.13009838	-0.17262281	-0.04252442	-0.33514640	True
step512		last_prompt	zero	bme_original	2	-5.17183876	-5.48491023	+0.31307147	-0.13009838	-0.17262281	-0.04252442	-0.33514640	True
step512		last_prompt	zero	bme_original	3	-6.90390523	-5.83769124	-1.06621399	-0.13009838	-0.17262281	-0.04252442	-0.33514640	True
step512		last_prompt	zero	bme_heldout	1	-5.84775015	-6.09126164	+0.24351149	-0.11833030	-0.15994593	-0.04161563	-0.33514640	True
step512		last_prompt	zero	bme_heldout	2	-5.23607381	-5.54872777	+0.31265396	-0.11833030	-0.15994593	-0.04161563	-0.33514640	True
step512		last_prompt	zero	bme_heldout	3	-6.90636762	-5.87036438	-1.03600324	-0.11833030	-0.15994593	-0.04161563	-0.33514640	True
step512		last_prompt	zero	bme_job_question	1	-5.83239805	-6.09216543	+0.25976739	-0.11534520	-0.15948328	-0.04413808	-0.33514640	True
step512		last_prompt	zero	bme_job_question	2	-5.21571795	-5.53216318	+0.31644523	-0.11534520	-0.15948328	-0.04413808	-0.33514640	True
step512		last_prompt	zero	bme_job_question	3	-6.92789396	-5.87323151	-1.05466245	-0.11534520	-0.15948328	-0.04413808	-0.33514640	True
step512		last_prompt	zero	unrelated_school_question	1	-5.79383733	-6.01756873	+0.22373141	-0.14581090	-0.18449369	-0.03868279	-0.33514640	True
step512		last_prompt	zero	unrelated_school_question	2	-5.13061364	-5.42818920	+0.29757556	-0.14581090	-0.18449369	-0.03868279	-0.33514640	True
step512		last_prompt	zero	unrelated_school_question	3	-6.88462893	-5.80984090	-1.07478803	-0.14581090	-0.18449369	-0.03868279	-0.33514640	True
step512		continuation	zero	bme_original	1	-7.46413598	-7.66274085	+0.19860488	-0.13009838	-0.01031440	+0.11978398	-1.25457219	True
step512		continuation	zero	bme_original	2	-6.62371318	-7.01599356	+0.39228038	-0.13009838	-0.01031440	+0.11978398	-1.25457219	True
step512		continuation	zero	bme_original	3	-7.98796717	-7.36613871	-0.62182846	-0.13009838	-0.01031440	+0.11978398	-1.25457219	True
step512		continuation	zero	bme_heldout	1	-7.43463487	-7.63080949	+0.19617462	-0.11833030	+0.02055964	+0.13888994	-1.25457219	True
step512		continuation	zero	bme_heldout	2	-6.57365799	-6.99116399	+0.41750600	-0.11833030	+0.02055964	+0.13888994	-1.25457219	True
step512		continuation	zero	bme_heldout	3	-7.91705195	-7.36505025	-0.55200170	-0.11833030	+0.02055964	+0.13888994	-1.25457219	True
step512		continuation	zero	bme_job_question	1	-7.50413161	-7.65998195	+0.15585034	-0.11534520	-0.05113077	+0.06421443	-1.25457219	True
step512		continuation	zero	bme_job_question	2	-6.65759595	-7.03470025	+0.37710429	-0.11534520	-0.05113077	+0.06421443	-1.25457219	True
step512		continuation	zero	bme_job_question	3	-8.08331045	-7.39696350	-0.68634694	-0.11534520	-0.05113077	+0.06421443	-1.25457219	True
step512		continuation	zero	unrelated_school_question	1	-7.45302758	-7.58692639	+0.13389881	-0.14581090	-0.06608958	+0.07972131	-1.25457219	True
step512		continuation	zero	unrelated_school_question	2	-6.59215355	-6.96667011	+0.37451656	-0.14581090	-0.06608958	+0.07972131	-1.25457219	True
step512		continuation	zero	unrelated_school_question	3	-8.02356593	-7.31688182	-0.70668411	-0.14581090	-0.06608958	+0.07972131	-1.25457219	True
step1000		none	baseline	bme_original	1	-3.86656306	-4.73415815	+0.86759509	+0.15501241	+0.15501241			True
step1000		none	baseline	bme_original	2	-3.72688421	-3.90004378	+0.17315957	+0.15501241	+0.15501241			True
step1000		none	baseline	bme_original	3	-5.04929988	-4.47358246	-0.57571742	+0.15501241	+0.15501241			True
step1000		none	baseline	bme_heldout	1	-3.87074720	-4.73241718	+0.86166998	+0.16089685	+0.16089685			True
step1000		none	baseline	bme_heldout	2	-3.75837835	-3.91293658	+0.15455823	+0.16089685	+0.16089685			True
step1000		none	baseline	bme_heldout	3	-5.01050758	-4.47696991	-0.53353767	+0.16089685	+0.16089685			True
step1000		none	baseline	bme_job_question	1	-3.92276647	-4.80121348	+0.87844702	+0.11473734	+0.11473734			True
step1000		none	baseline	bme_job_question	2	-3.77025731	-3.90236194	+0.13210463	+0.11473734	+0.11473734			True
step1000		none	baseline	bme_job_question	3	-5.16912079	-4.50278117	-0.66633962	+0.11473734	+0.11473734			True
step1000		none	baseline	unrelated_school_question	1	-4.23700010	-5.03026405	+0.79326395	+0.07837758	+0.07837758			True
step1000		none	baseline	unrelated_school_question	2	-4.09751638	-4.25661527	+0.15909889	+0.07837758	+0.07837758			True
step1000		none	baseline	unrelated_school_question	3	-5.47769610	-4.76046600	-0.71723010	+0.07837758	+0.07837758			True
step1000		prompt	zero	bme_original	1	-4.65467101	-5.30855267	+0.65388166	+0.15501241	-0.03142832	-0.18644074	-0.60434532	True
step1000		prompt	zero	bme_original	2	-4.49418418	-4.57510259	+0.08091841	+0.15501241	-0.03142832	-0.18644074	-0.60434532	True
step1000		prompt	zero	bme_original	3	-5.90506363	-5.07597860	-0.82908503	+0.15501241	-0.03142832	-0.18644074	-0.60434532	True
step1000		prompt	zero	bme_heldout	1	-4.69254861	-5.32379620	+0.63124759	+0.16089685	-0.01475039	-0.17564724	-0.60434532	True
step1000		prompt	zero	bme_heldout	2	-4.50493781	-4.61239536	+0.10745755	+0.16089685	-0.01475039	-0.17564724	-0.60434532	True
step1000		prompt	zero	bme_heldout	3	-5.85963885	-5.07668254	-0.78295631	+0.16089685	-0.01475039	-0.17564724	-0.60434532	True
step1000		prompt	zero	bme_job_question	1	-4.66951634	-5.32167347	+0.65215712	+0.11473734	-0.05672955	-0.17146689	-0.60434532	True
step1000		prompt	zero	bme_job_question	2	-4.51926517	-4.56770061	+0.04843543	+0.11473734	-0.05672955	-0.17146689	-0.60434532	True
step1000		prompt	zero	bme_job_question	3	-5.92531713	-5.05453593	-0.87078120	+0.11473734	-0.05672955	-0.17146689	-0.60434532	True
step1000		prompt	zero	unrelated_school_question	1	-4.70173880	-5.36738176	+0.66564296	+0.07837758	-0.02819149	-0.10656907	-0.60434532	True
step1000		prompt	zero	unrelated_school_question	2	-4.49011167	-4.59292426	+0.10281260	+0.07837758	-0.02819149	-0.10656907	-0.60434532	True
step1000		prompt	zero	unrelated_school_question	3	-5.97606468	-5.12303467	-0.85303001	+0.07837758	-0.02819149	-0.10656907	-0.60434532	True
step1000		last_prompt	zero	bme_original	1	-4.42172212	-5.11426896	+0.69254684	+0.15501241	-0.00296271	-0.15797513	-0.19054268	True
step1000		last_prompt	zero	bme_original	2	-4.18363857	-4.22423495	+0.04059638	+0.15501241	-0.00296271	-0.15797513	-0.19054268	True
step1000		last_prompt	zero	bme_original	3	-5.56773631	-4.82570496	-0.74203135	+0.15501241	-0.00296271	-0.15797513	-0.19054268	True
step1000		last_prompt	zero	bme_heldout	1	-4.40450052	-5.07947540	+0.67497488	+0.16089685	+0.00357431	-0.15732254	-0.19054268	True
step1000		last_prompt	zero	bme_heldout	2	-4.17031924	-4.21388920	+0.04356996	+0.16089685	+0.00357431	-0.15732254	-0.19054268	True
step1000		last_prompt	zero	bme_heldout	3	-5.51650620	-4.80868429	-0.70782191	+0.16089685	+0.00357431	-0.15732254	-0.19054268	True
step1000		last_prompt	zero	bme_job_question	1	-4.46380938	-5.18628869	+0.72247931	+0.11473734	-0.02471816	-0.13945551	-0.19054268	True
step1000		last_prompt	zero	bme_job_question	2	-4.25377846	-4.24939434	-0.00438411	+0.11473734	-0.02471816	-0.13945551	-0.19054268	True
step1000		last_prompt	zero	bme_job_question	3	-5.66290347	-4.87065379	-0.79224968	+0.11473734	-0.02471816	-0.13945551	-0.19054268	True
step1000		last_prompt	zero	unrelated_school_question	1	-4.67519320	-5.42246775	+0.74727455	+0.07837758	+0.00479952	-0.07357806	-0.19054268	True
step1000		last_prompt	zero	unrelated_school_question	2	-4.53262011	-4.60595674	+0.07333663	+0.07837758	+0.00479952	-0.07357806	-0.19054268	True
step1000		last_prompt	zero	unrelated_school_question	3	-5.89648819	-5.09027557	-0.80621262	+0.07837758	+0.00479952	-0.07357806	-0.19054268	True
step1000		continuation	zero	bme_original	1	-7.39231403	-8.42648550	+1.03417147	+0.15501241	+0.47890498	+0.32389256	-1.42284184	True
step1000		continuation	zero	bme_original	2	-7.16146787	-7.41809141	+0.25662354	+0.15501241	+0.47890498	+0.32389256	-1.42284184	True
step1000		continuation	zero	bme_original	3	-7.97109667	-8.11701660	+0.14591993	+0.15501241	+0.47890498	+0.32389256	-1.42284184	True
step1000		continuation	zero	bme_heldout	1	-7.39459815	-8.45991927	+1.06532112	+0.16089685	+0.49317721	+0.33228037	-1.42284184	True
step1000		continuation	zero	bme_heldout	2	-7.21944555	-7.48594196	+0.26649641	+0.16089685	+0.49317721	+0.33228037	-1.42284184	True
step1000		continuation	zero	bme_heldout	3	-7.95854759	-8.10626170	+0.14771411	+0.16089685	+0.49317721	+0.33228037	-1.42284184	True
step1000		continuation	zero	bme_job_question	1	-7.44071726	-8.42588454	+0.98516728	+0.11473734	+0.37577623	+0.26103889	-1.42284184	True
step1000		continuation	zero	bme_job_question	2	-7.22069359	-7.40677056	+0.18607697	+0.11473734	+0.37577623	+0.26103889	-1.42284184	True
step1000		continuation	zero	bme_job_question	3	-8.19462713	-8.15071157	-0.04391556	+0.11473734	+0.37577623	+0.26103889	-1.42284184	True
step1000		continuation	zero	unrelated_school_question	1	-7.51918088	-8.72052648	+1.20134559	+0.07837758	+0.58535461	+0.50697703	-1.42284184	True
step1000		continuation	zero	unrelated_school_question	2	-7.30545553	-7.63268926	+0.32723373	+0.07837758	+0.58535461	+0.50697703	-1.42284184	True
step1000		continuation	zero	unrelated_school_question	3	-8.06796074	-8.29544525	+0.22748451	+0.07837758	+0.58535461	+0.50697703	-1.42284184	True
step512	step1000	prompt	replace	bme_original	1	-5.39950268	-5.62713740	+0.22763472	-0.13009838	-0.09540681	+0.03469157		True
step512	step1000	prompt	replace	bme_original	2	-4.63596535	-4.98837046	+0.35240511	-0.13009838	-0.09540681	+0.03469157		True
step512	step1000	prompt	replace	bme_original	3	-6.32078552	-5.45452525	-0.86626027	-0.13009838	-0.09540681	+0.03469157		True
step512	step1000	prompt	replace	bme_heldout	1	-5.38936674	-5.62935932	+0.23999258	-0.11833030	-0.08806732	+0.03026298		True
step512	step1000	prompt	replace	bme_heldout	2	-4.66352749	-5.01089595	+0.34736846	-0.11833030	-0.08806732	+0.03026298		True
step512	step1000	prompt	replace	bme_heldout	3	-6.30974833	-5.45818532	-0.85156301	-0.11833030	-0.08806732	+0.03026298		True
step512	step1000	prompt	replace	bme_job_question	1	-5.37196409	-5.62805293	+0.25608884	-0.11534520	-0.07860113	+0.03674407		True
step512	step1000	prompt	replace	bme_job_question	2	-4.62791157	-4.98086313	+0.35295156	-0.11534520	-0.07860113	+0.03674407		True
step512	step1000	prompt	replace	bme_job_question	3	-6.30772527	-5.46288147	-0.84484380	-0.11534520	-0.07860113	+0.03674407		True
step512	step1000	prompt	replace	unrelated_school_question	1	-5.40660330	-5.61992117	+0.21331787	-0.14581090	-0.10290145	+0.04290944		True
step512	step1000	prompt	replace	unrelated_school_question	2	-4.64485645	-4.99496812	+0.35011167	-0.14581090	-0.10290145	+0.04290944		True
step512	step1000	prompt	replace	unrelated_school_question	3	-6.32523855	-5.45310465	-0.87213389	-0.14581090	-0.10290145	+0.04290944		True
step512	step1000	last_prompt	replace	bme_original	1	-5.38598692	-5.61317620	+0.22718928	-0.13009838	-0.12219638	+0.00790201		True
step512	step1000	last_prompt	replace	bme_original	2	-4.67120647	-5.02379902	+0.35259254	-0.13009838	-0.12219638	+0.00790201		True
step512	step1000	last_prompt	replace	bme_original	3	-6.39068858	-5.44431763	-0.94637095	-0.13009838	-0.12219638	+0.00790201		True
step512	step1000	last_prompt	replace	bme_heldout	1	-5.40584975	-5.64229290	+0.23644315	-0.11833030	-0.11009960	+0.00823070		True
step512	step1000	last_prompt	replace	bme_heldout	2	-4.71200848	-5.06582876	+0.35382029	-0.11833030	-0.11009960	+0.00823070		True
step512	step1000	last_prompt	replace	bme_heldout	3	-6.37651571	-5.45595347	-0.92056224	-0.11833030	-0.11009960	+0.00823070		True
step512	step1000	last_prompt	replace	bme_job_question	1	-5.37408213	-5.62575648	+0.25167436	-0.11534520	-0.10759018	+0.00775502		True
step512	step1000	last_prompt	replace	bme_job_question	2	-4.67665799	-5.03275534	+0.35609734	-0.11534520	-0.10759018	+0.00775502		True
step512	step1000	last_prompt	replace	bme_job_question	3	-6.37658819	-5.44604594	-0.93054225	-0.11534520	-0.10759018	+0.00775502		True
step512	step1000	last_prompt	replace	unrelated_school_question	1	-5.39590865	-5.60670530	+0.21079665	-0.14581090	-0.13740441	+0.00840649		True
step512	step1000	last_prompt	replace	unrelated_school_question	2	-4.64721107	-4.98482513	+0.33761406	-0.14581090	-0.13740441	+0.00840649		True
step512	step1000	last_prompt	replace	unrelated_school_question	3	-6.39061101	-5.42998708	-0.96062393	-0.14581090	-0.13740441	+0.00840649		True
step512	step1000	continuation	replace	bme_original	1	-5.43652813	-5.67528945	+0.23876131	-0.13009838	-0.12992009	+0.00017830		True
step512	step1000	continuation	replace	bme_original	2	-4.92863019	-5.21141933	+0.28278913	-0.13009838	-0.12992009	+0.00017830		True
step512	step1000	continuation	replace	bme_original	3	-6.42965126	-5.51834056	-0.91131070	-0.13009838	-0.12992009	+0.00017830		True
step512	step1000	continuation	replace	bme_heldout	1	-5.46291938	-5.69977394	+0.23685455	-0.11833030	-0.11968036	-0.00135006		True
step512	step1000	continuation	replace	bme_heldout	2	-4.95538680	-5.23875662	+0.28336982	-0.11833030	-0.11968036	-0.00135006		True
step512	step1000	continuation	replace	bme_heldout	3	-6.41702334	-5.53775787	-0.87926547	-0.11833030	-0.11968036	-0.00135006		True
step512	step1000	continuation	replace	bme_job_question	1	-5.42381815	-5.67479999	+0.25098184	-0.11534520	-0.12157792	-0.00623272		True
step512	step1000	continuation	replace	bme_job_question	2	-4.92673747	-5.20698313	+0.28024566	-0.11534520	-0.12157792	-0.00623272		True
step512	step1000	continuation	replace	bme_job_question	3	-6.42581050	-5.52984924	-0.89596125	-0.11534520	-0.12157792	-0.00623272		True
step512	step1000	continuation	replace	unrelated_school_question	1	-5.43851999	-5.67070712	+0.23218712	-0.14581090	-0.13844597	+0.00736492		True
step512	step1000	continuation	replace	unrelated_school_question	2	-4.89297517	-5.15475112	+0.26177595	-0.14581090	-0.13844597	+0.00736492		True
step512	step1000	continuation	replace	unrelated_school_question	3	-6.41869736	-5.50939636	-0.90930099	-0.14581090	-0.13844597	+0.00736492		True
step1000	step512	prompt	replace	bme_original	1	-4.15331591	-4.89691162	+0.74359571	+0.15501241	+0.05108746	-0.10392495		True
step1000	step512	prompt	replace	bme_original	2	-3.96195380	-4.05939806	+0.09744427	+0.15501241	+0.05108746	-0.10392495		True
step1000	step512	prompt	replace	bme_original	3	-5.33827146	-4.65049388	-0.68777758	+0.15501241	+0.05108746	-0.10392495		True
step1000	step512	prompt	replace	bme_heldout	1	-4.15738120	-4.87999373	+0.72261253	+0.16089685	+0.06144792	-0.09944893		True
step1000	step512	prompt	replace	bme_heldout	2	-3.96262773	-4.07622733	+0.11359961	+0.16089685	+0.06144792	-0.09944893		True
step1000	step512	prompt	replace	bme_heldout	3	-5.30390644	-4.65203807	-0.65186838	+0.16089685	+0.06144792	-0.09944893		True
step1000	step512	prompt	replace	bme_job_question	1	-4.16939633	-4.92006155	+0.75066522	+0.11473734	+0.02168577	-0.09305157		True
step1000	step512	prompt	replace	bme_job_question	2	-3.98230648	-4.06502298	+0.08271650	+0.11473734	+0.02168577	-0.09305157		True
step1000	step512	prompt	replace	bme_job_question	3	-5.41863569	-4.65031128	-0.76832441	+0.11473734	+0.02168577	-0.09305157		True
step1000	step512	prompt	replace	unrelated_school_question	1	-4.26821811	-5.00379240	+0.73557428	+0.07837758	+0.01910536	-0.05927222		True
step1000	step512	prompt	replace	unrelated_school_question	2	-4.15452194	-4.23042239	+0.07590044	+0.07837758	+0.01910536	-0.05927222		True
step1000	step512	prompt	replace	unrelated_school_question	3	-5.50538445	-4.75122579	-0.75415866	+0.07837758	+0.01910536	-0.05927222		True
step1000	step512	last_prompt	replace	bme_original	1	-3.93170665	-4.74577566	+0.81406901	+0.15501241	+0.12850913	-0.02650329		True
step1000	step512	last_prompt	replace	bme_original	2	-3.76678785	-3.92465298	+0.15786513	+0.15501241	+0.12850913	-0.02650329		True
step1000	step512	last_prompt	replace	bme_original	3	-5.08685843	-4.50045166	-0.58640677	+0.15501241	+0.12850913	-0.02650329		True
step1000	step512	last_prompt	replace	bme_heldout	1	-3.93702463	-4.73816211	+0.80113748	+0.16089685	+0.13037660	-0.03052024		True
step1000	step512	last_prompt	replace	bme_heldout	2	-3.79608281	-3.93551342	+0.13943061	+0.16089685	+0.13037660	-0.03052024		True
step1000	step512	last_prompt	replace	bme_heldout	3	-5.05381807	-4.50437978	-0.54943829	+0.16089685	+0.13037660	-0.03052024		True
step1000	step512	last_prompt	replace	bme_job_question	1	-3.98358800	-4.81369752	+0.83010952	+0.11473734	+0.09330621	-0.02143114		True
step1000	step512	last_prompt	replace	bme_job_question	2	-3.80918598	-3.92836204	+0.11917606	+0.11473734	+0.09330621	-0.02143114		True
step1000	step512	last_prompt	replace	bme_job_question	3	-5.19736481	-4.52799784	-0.66936696	+0.11473734	+0.09330621	-0.02143114		True
step1000	step512	last_prompt	replace	unrelated_school_question	1	-4.28613692	-5.05925399	+0.77311707	+0.07837758	+0.06553433	-0.01284325		True
step1000	step512	last_prompt	replace	unrelated_school_question	2	-4.13890012	-4.29332528	+0.15442516	+0.07837758	+0.06553433	-0.01284325		True
step1000	step512	last_prompt	replace	unrelated_school_question	3	-5.49603017	-4.76509094	-0.73093923	+0.07837758	+0.06553433	-0.01284325		True
step1000	step512	continuation	replace	bme_original	1	-4.29009247	-5.07250800	+0.78241554	+0.15501241	+0.13267255	-0.02233987		True
step1000	step512	continuation	replace	bme_original	2	-4.20370897	-4.37557074	+0.17186177	+0.15501241	+0.13267255	-0.02233987		True
step1000	step512	continuation	replace	bme_original	3	-5.57193756	-5.01567790	-0.55625966	+0.15501241	+0.13267255	-0.02233987		True
step1000	step512	continuation	replace	bme_heldout	1	-4.29916118	-5.08038447	+0.78122330	+0.16089685	+0.14959800	-0.01129884		True
step1000	step512	continuation	replace	bme_heldout	2	-4.22929700	-4.39454240	+0.16524540	+0.16089685	+0.14959800	-0.01129884		True
step1000	step512	continuation	replace	bme_heldout	3	-5.49964968	-5.00197500	-0.49767469	+0.16089685	+0.14959800	-0.01129884		True
step1000	step512	continuation	replace	bme_job_question	1	-4.34204571	-5.13187467	+0.78982896	+0.11473734	+0.10051580	-0.01422155		True
step1000	step512	continuation	replace	bme_job_question	2	-4.28192965	-4.40247580	+0.12054615	+0.11473734	+0.10051580	-0.01422155		True
step1000	step512	continuation	replace	bme_job_question	3	-5.67678833	-5.06796061	-0.60882772	+0.11473734	+0.10051580	-0.01422155		True
step1000	step512	continuation	replace	unrelated_school_question	1	-4.48473270	-5.23559570	+0.75086300	+0.07837758	+0.09326573	+0.01488815		True
step1000	step512	continuation	replace	unrelated_school_question	2	-4.35707283	-4.55340459	+0.19633176	+0.07837758	+0.09326573	+0.01488815		True
step1000	step512	continuation	replace	unrelated_school_question	3	-5.85891469	-5.19151713	-0.66739756	+0.07837758	+0.09326573	+0.01488815		True
