checkpoint	prompt	action	component	layer	donor	pair	school_mean	check_mean	margin	school_tokens	check_tokens	boundary_agrees
step512	bme_original	baseline				1	-5.39505650	-5.61387693	0.21882043	13	13	True
step512	bme_original	baseline				2	-4.67970371	-5.03230638	0.35260267	12	13	True
step512	bme_original	baseline				3	-6.41672262	-5.45500437	-0.96171824	12	15	True
step512	bme_heldout	baseline				1	-5.41838719	-5.64548375	0.22709656	13	13	True
step512	bme_heldout	baseline				2	-4.72535483	-5.07865378	0.35329895	12	13	True
step512	bme_heldout	baseline				3	-6.40471268	-5.46932627	-0.93538640	12	15	True
step512	grades_without_college	baseline				1	-5.55474971	-5.66532194	0.11057223	13	13	True
step512	grades_without_college	baseline				2	-4.76968098	-5.14799265	0.37831167	12	13	True
step512	grades_without_college	baseline				3	-6.50554911	-5.48295949	-1.02258962	12	15	True
step512	bme_job_question	baseline				1	-5.38536835	-5.62821198	0.24284363	13	13	True
step512	bme_job_question	baseline				2	-4.68638039	-5.04303389	0.35665351	12	13	True
step512	bme_job_question	baseline				3	-6.40372213	-5.45818939	-0.94553274	12	15	True
step512	help_people_other_major	baseline				1	-5.40036480	-5.60724170	0.20687690	13	13	True
step512	help_people_other_major	baseline				2	-4.68544388	-5.04191824	0.35647436	12	13	True
step512	help_people_other_major	baseline				3	-6.42030525	-5.43736827	-0.98293699	12	15	True
step512	unrelated_school_question	baseline				1	-5.40180558	-5.60346163	0.20165605	13	13	True
step512	unrelated_school_question	baseline				2	-4.65364011	-4.99069566	0.33705555	12	13	True
step512	unrelated_school_question	baseline				3	-6.41400337	-5.43785909	-0.97614428	12	15	True
step512	bme_original	zero	mlp	0		1	-7.40073864	-7.68390832	0.28316967	13	13	True
step512	bme_original	zero	mlp	0		2	-6.68099848	-7.07339008	0.39239160	12	13	True
step512	bme_original	zero	mlp	0		3	-8.21975962	-7.41309713	-0.80666250	12	15	True
step512	bme_original	zero	mlp	1		1	-5.99013930	-6.11119725	0.12105795	13	13	True
step512	bme_original	zero	mlp	1		2	-5.25147756	-5.66793119	0.41645363	12	13	True
step512	bme_original	zero	mlp	1		3	-6.82929484	-5.95690613	-0.87238871	12	15	True
step512	bme_original	zero	mlp	2		1	-5.41485478	-5.64282109	0.22796631	13	13	True
step512	bme_original	zero	mlp	2		2	-5.13480822	-5.43324691	0.29843868	12	13	True
step512	bme_original	zero	mlp	2		3	-6.61478742	-5.72915344	-0.88563398	12	15	True
step512	bme_original	zero	mlp	3		1	-5.49562425	-5.78855837	0.29293412	13	13	True
step512	bme_original	zero	mlp	3		2	-4.75088310	-5.15303333	0.40215023	12	13	True
step512	bme_original	zero	mlp	3		3	-6.49088669	-5.58282878	-0.90805791	12	15	True
step512	bme_original	zero	mlp	4		1	-5.41872934	-5.63310124	0.21437190	13	13	True
step512	bme_original	zero	mlp	4		2	-4.77640915	-5.15835571	0.38194656	12	13	True
step512	bme_original	zero	mlp	4		3	-6.46807671	-5.47639618	-0.99168053	12	15	True
step512	bme_original	zero	mlp	5		1	-5.40135075	-5.62337142	0.22202066	13	13	True
step512	bme_original	zero	mlp	5		2	-4.64675744	-5.00188681	0.35512936	12	13	True
step512	bme_original	zero	mlp	5		3	-6.46149000	-5.49883931	-0.96265068	12	15	True
step512	bme_original	zero	mlp	6		1	-5.41653090	-5.63135822	0.21482732	13	13	True
step512	bme_original	zero	mlp	6		2	-4.79192130	-5.12524414	0.33332284	12	13	True
step512	bme_original	zero	mlp	6		3	-6.50406392	-5.55032247	-0.95374146	12	15	True
step512	bme_original	zero	mlp	7		1	-5.33663940	-5.57574815	0.23910875	13	13	True
step512	bme_original	zero	mlp	7		2	-4.74791082	-5.09681643	0.34890561	12	13	True
step512	bme_original	zero	mlp	7		3	-6.38911502	-5.46397959	-0.92513542	12	15	True
step512	bme_original	zero	mlp	8		1	-5.44380188	-5.65206792	0.20826604	13	13	True
step512	bme_original	zero	mlp	8		2	-4.72116343	-5.08740763	0.36624419	12	13	True
step512	bme_original	zero	mlp	8		3	-6.50688171	-5.50907135	-0.99781036	12	15	True
step512	bme_original	zero	mlp	9		1	-5.44256474	-5.66292161	0.22035687	13	13	True
step512	bme_original	zero	mlp	9		2	-4.69931475	-5.06469609	0.36538134	12	13	True
step512	bme_original	zero	mlp	9		3	-6.46177165	-5.49125570	-0.97051595	12	15	True
step512	bme_original	zero	mlp	10		1	-5.44780849	-5.66337820	0.21556972	13	13	True
step512	bme_original	zero	mlp	10		2	-4.75556819	-5.11154527	0.35597708	12	13	True
step512	bme_original	zero	mlp	10		3	-6.46445592	-5.48727315	-0.97718277	12	15	True
step512	bme_original	zero	mlp	11		1	-5.42698669	-5.64573493	0.21874824	13	13	True
step512	bme_original	zero	mlp	11		2	-4.73590660	-5.09742091	0.36151431	12	13	True
step512	bme_original	zero	mlp	11		3	-6.43673515	-5.47379405	-0.96294111	12	15	True
step512	bme_original	zero	mlp	12		1	-5.42371486	-5.62753120	0.20381634	13	13	True
step512	bme_original	zero	mlp	12		2	-4.71961212	-5.09988227	0.38027015	12	13	True
step512	bme_original	zero	mlp	12		3	-6.42681122	-5.44399719	-0.98281403	12	15	True
step512	bme_original	zero	mlp	13		1	-5.47653726	-5.67136735	0.19483009	13	13	True
step512	bme_original	zero	mlp	13		2	-4.75217724	-5.11873568	0.36655844	12	13	True
step512	bme_original	zero	mlp	13		3	-6.42912038	-5.49901123	-0.93010915	12	15	True
step512	bme_original	zero	mlp	14		1	-5.46846830	-5.65412727	0.18565897	13	13	True
step512	bme_original	zero	mlp	14		2	-4.73743884	-5.11103703	0.37359820	12	13	True
step512	bme_original	zero	mlp	14		3	-6.47913742	-5.49593353	-0.98320389	12	15	True
step512	bme_original	zero	mlp	15		1	-5.47859485	-5.64992112	0.17132627	13	13	True
step512	bme_original	zero	mlp	15		2	-4.73887030	-5.10667830	0.36780800	12	13	True
step512	bme_original	zero	mlp	15		3	-6.45876694	-5.47667796	-0.98208898	12	15	True
step512	bme_original	zero	mlp	16		1	-5.45384158	-5.64342381	0.18958224	13	13	True
step512	bme_original	zero	mlp	16		2	-4.69823488	-5.05067679	0.35244191	12	13	True
step512	bme_original	zero	mlp	16		3	-6.44060898	-5.43915405	-1.00145493	12	15	True
step512	bme_original	zero	mlp	17		1	-5.43612319	-5.63354316	0.19741997	13	13	True
step512	bme_original	zero	mlp	17		2	-4.67763805	-5.04627697	0.36863892	12	13	True
step512	bme_original	zero	mlp	17		3	-6.47115390	-5.46312917	-1.00802472	12	15	True
step512	bme_original	zero	mlp	18		1	-5.43962097	-5.64689401	0.20727304	13	13	True
step512	bme_original	zero	mlp	18		2	-4.68108718	-5.03793335	0.35684617	12	13	True
step512	bme_original	zero	mlp	18		3	-6.46421750	-5.47298787	-0.99122963	12	15	True
step512	bme_original	zero	mlp	19		1	-5.39089379	-5.59646196	0.20556817	13	13	True
step512	bme_original	zero	mlp	19		2	-4.67711004	-5.02730560	0.35019557	12	13	True
step512	bme_original	zero	mlp	19		3	-6.44475047	-5.45327962	-0.99147085	12	15	True
step512	bme_original	zero	mlp	20		1	-5.40634507	-5.61566221	0.20931713	13	13	True
step512	bme_original	zero	mlp	20		2	-4.69819641	-5.04253270	0.34433629	12	13	True
step512	bme_original	zero	mlp	20		3	-6.41966565	-5.46066538	-0.95900027	12	15	True
step512	bme_original	zero	mlp	21		1	-5.35376857	-5.56377411	0.21000554	13	13	True
step512	bme_original	zero	mlp	21		2	-4.65332826	-4.98893914	0.33561088	12	13	True
step512	bme_original	zero	mlp	21		3	-6.37584686	-5.44665629	-0.92919057	12	15	True
step512	bme_original	zero	mlp	22		1	-5.36195256	-5.58646921	0.22451665	13	13	True
step512	bme_original	zero	mlp	22		2	-4.69709651	-5.03797913	0.34088262	12	13	True
step512	bme_original	zero	mlp	22		3	-6.39059893	-5.43688151	-0.95371742	12	15	True
step512	bme_original	zero	mlp	23		1	-5.39083334	-5.61878322	0.22794988	13	13	True
step512	bme_original	zero	mlp	23		2	-4.68279552	-5.02741946	0.34462393	12	13	True
step512	bme_original	zero	mlp	23		3	-6.43678474	-5.46089528	-0.97588946	12	15	True
step512	bme_original	zero	attention	0		1	-5.42932481	-5.62226457	0.19293976	13	13	True
step512	bme_original	zero	attention	0		2	-4.73790232	-5.08234229	0.34443997	12	13	True
step512	bme_original	zero	attention	0		3	-6.50861295	-5.46326701	-1.04534594	12	15	True
step512	bme_original	zero	attention	1		1	-5.45560279	-5.66779621	0.21219342	13	13	True
step512	bme_original	zero	attention	1		2	-4.65581735	-5.01063890	0.35482155	12	13	True
step512	bme_original	zero	attention	1		3	-6.42796834	-5.41479950	-1.01316884	12	15	True
step512	bme_original	zero	attention	2		1	-5.45466731	-5.64846567	0.19379836	13	13	True
step512	bme_original	zero	attention	2		2	-4.70800400	-5.05833787	0.35033387	12	13	True
step512	bme_original	zero	attention	2		3	-6.45500310	-5.48082072	-0.97418238	12	15	True
step512	bme_original	zero	attention	3		1	-5.48533337	-5.61258345	0.12725008	13	13	True
step512	bme_original	zero	attention	3		2	-4.85211722	-5.17725724	0.32514002	12	13	True
step512	bme_original	zero	attention	3		3	-6.64152908	-5.60858765	-1.03294144	12	15	True
step512	bme_original	zero	attention	4		1	-5.43334902	-5.64516332	0.21181429	13	13	True
step512	bme_original	zero	attention	4		2	-4.72742176	-5.07008831	0.34266655	12	13	True
step512	bme_original	zero	attention	4		3	-6.41835467	-5.48223877	-0.93611590	12	15	True
step512	bme_original	zero	attention	5		1	-5.50987361	-5.69909668	0.18922307	13	13	True
step512	bme_original	zero	attention	5		2	-4.81647968	-5.14247718	0.32599750	12	13	True
step512	bme_original	zero	attention	5		3	-6.41036034	-5.54451345	-0.86584689	12	15	True
step512	bme_original	zero	attention	8		1	-5.39288154	-5.61601023	0.22312869	13	13	True
step512	bme_original	zero	attention	8		2	-4.67019653	-5.02059350	0.35039696	12	13	True
step512	bme_original	zero	attention	8		3	-6.40161832	-5.44274343	-0.95887489	12	15	True
step512	bme_original	zero	attention	12		1	-5.39381878	-5.60708383	0.21326505	13	13	True
step512	bme_original	zero	attention	12		2	-4.68993950	-5.03879078	0.34885128	12	13	True
step512	bme_original	zero	attention	12		3	-6.41070684	-5.44607290	-0.96463394	12	15	True
step512	bme_original	zero	attention	18		1	-5.40354274	-5.61617455	0.21263181	13	13	True
step512	bme_original	zero	attention	18		2	-4.66896947	-5.02617411	0.35720463	12	13	True
step512	bme_original	zero	attention	18		3	-6.42545255	-5.46759949	-0.95785306	12	15	True
step512	bme_original	zero	attention	23		1	-5.40323991	-5.61696918	0.21372927	13	13	True
step512	bme_original	zero	attention	23		2	-4.67850081	-5.03479591	0.35629510	12	13	True
step512	bme_original	zero	attention	23		3	-6.44636408	-5.44309845	-1.00326564	12	15	True
step512	bme_original	zero	mlp	0		1	-7.40073864	-7.68390832	0.28316967	13	13	True
step512	bme_original	zero	mlp	0		2	-6.68099848	-7.07339008	0.39239160	12	13	True
step512	bme_original	zero	mlp	0		3	-8.21975962	-7.41309713	-0.80666250	12	15	True
step512	bme_heldout	zero	mlp	0		1	-7.39085212	-7.66609661	0.27524449	13	13	True
step512	bme_heldout	zero	mlp	0		2	-6.69207891	-7.08974457	0.39766566	12	13	True
step512	bme_heldout	zero	mlp	0		3	-8.24136353	-7.51648407	-0.72487946	12	15	True
step512	grades_without_college	zero	mlp	0		1	-7.39052934	-7.56466910	0.17413976	13	13	True
step512	grades_without_college	zero	mlp	0		2	-6.72242991	-7.14258634	0.42015643	12	13	True
step512	grades_without_college	zero	mlp	0		3	-8.36016719	-7.54705353	-0.81311366	12	15	True
step512	bme_job_question	zero	mlp	0		1	-7.45695261	-7.71714959	0.26019698	13	13	True
step512	bme_job_question	zero	mlp	0		2	-6.74467087	-7.14770860	0.40303773	12	13	True
step512	bme_job_question	zero	mlp	0		3	-8.31610489	-7.48807831	-0.82802658	12	15	True
step512	help_people_other_major	zero	mlp	0		1	-7.37552819	-7.63835085	0.26282266	13	13	True
step512	help_people_other_major	zero	mlp	0		2	-6.59090741	-6.98585158	0.39494417	12	13	True
step512	help_people_other_major	zero	mlp	0		3	-8.17656835	-7.31787364	-0.85869471	12	15	True
step512	unrelated_school_question	zero	mlp	0		1	-7.49087524	-7.71270341	0.22182817	13	13	True
step512	unrelated_school_question	zero	mlp	0		2	-6.65826925	-7.05683899	0.39856974	12	13	True
step512	unrelated_school_question	zero	mlp	0		3	-8.27983348	-7.41156514	-0.86826833	12	15	True
step512	bme_original	zero	mlp	1		1	-5.99013930	-6.11119725	0.12105795	13	13	True
step512	bme_original	zero	mlp	1		2	-5.25147756	-5.66793119	0.41645363	12	13	True
step512	bme_original	zero	mlp	1		3	-6.82929484	-5.95690613	-0.87238871	12	15	True
step512	bme_heldout	zero	mlp	1		1	-5.99511543	-6.13061993	0.13550450	13	13	True
step512	bme_heldout	zero	mlp	1		2	-5.26245753	-5.66565998	0.40320245	12	13	True
step512	bme_heldout	zero	mlp	1		3	-6.79845683	-5.96001841	-0.83843842	12	15	True
step512	bme_job_question	zero	mlp	1		1	-5.99891134	-6.13361300	0.13470166	13	13	True
step512	bme_job_question	zero	mlp	1		2	-5.25152047	-5.66099842	0.40947794	12	13	True
step512	bme_job_question	zero	mlp	1		3	-6.81953303	-5.97033539	-0.84919764	12	15	True
step512	unrelated_school_question	zero	mlp	1		1	-6.00465745	-6.11806840	0.11341095	13	13	True
step512	unrelated_school_question	zero	mlp	1		2	-5.22593435	-5.63885791	0.41292357	12	13	True
step512	unrelated_school_question	zero	mlp	1		3	-6.80051231	-5.91983846	-0.88067385	12	15	True
step512	bme_original	zero	mlp	2		1	-5.41485478	-5.64282109	0.22796631	13	13	True
step512	bme_original	zero	mlp	2		2	-5.13480822	-5.43324691	0.29843868	12	13	True
step512	bme_original	zero	mlp	2		3	-6.61478742	-5.72915344	-0.88563398	12	15	True
step512	bme_heldout	zero	mlp	2		1	-5.39728370	-5.62821608	0.23093238	13	13	True
step512	bme_heldout	zero	mlp	2		2	-5.14226850	-5.43885275	0.29658425	12	13	True
step512	bme_heldout	zero	mlp	2		3	-6.55663935	-5.71100515	-0.84563421	12	15	True
step512	bme_job_question	zero	mlp	2		1	-5.41881679	-5.66688772	0.24807094	13	13	True
step512	bme_job_question	zero	mlp	2		2	-5.15346654	-5.45423537	0.30076883	12	13	True
step512	bme_job_question	zero	mlp	2		3	-6.60855166	-5.73536275	-0.87318891	12	15	True
step512	unrelated_school_question	zero	mlp	2		1	-5.41713128	-5.63839076	0.22125948	13	13	True
step512	unrelated_school_question	zero	mlp	2		2	-5.05924384	-5.34925255	0.29000872	12	13	True
step512	unrelated_school_question	zero	mlp	2		3	-6.59630775	-5.70807699	-0.88823077	12	15	True
step512	bme_original	zero	mlp	3		1	-5.49562425	-5.78855837	0.29293412	13	13	True
step512	bme_original	zero	mlp	3		2	-4.75088310	-5.15303333	0.40215023	12	13	True
step512	bme_original	zero	mlp	3		3	-6.49088669	-5.58282878	-0.90805791	12	15	True
step512	bme_heldout	zero	mlp	3		1	-5.51491488	-5.81903956	0.30412469	13	13	True
step512	bme_heldout	zero	mlp	3		2	-4.79579862	-5.19832905	0.40253043	12	13	True
step512	bme_heldout	zero	mlp	3		3	-6.47616132	-5.59581655	-0.88034477	12	15	True
step512	bme_job_question	zero	mlp	3		1	-5.48140423	-5.80779208	0.32638785	13	13	True
step512	bme_job_question	zero	mlp	3		2	-4.75927798	-5.16157943	0.40230145	12	13	True
step512	bme_job_question	zero	mlp	3		3	-6.48468781	-5.58593140	-0.89875641	12	15	True
step512	unrelated_school_question	zero	mlp	3		1	-5.49277320	-5.76841384	0.27564063	13	13	True
step512	unrelated_school_question	zero	mlp	3		2	-4.72712644	-5.10730919	0.38018276	12	13	True
step512	unrelated_school_question	zero	mlp	3		3	-6.48445892	-5.55238342	-0.93207550	12	15	True
step512	bme_original	zero	mlp	8		1	-5.44380188	-5.65206792	0.20826604	13	13	True
step512	bme_original	zero	mlp	8		2	-4.72116343	-5.08740763	0.36624419	12	13	True
step512	bme_original	zero	mlp	8		3	-6.50688171	-5.50907135	-0.99781036	12	15	True
step512	bme_heldout	zero	mlp	8		1	-5.46422518	-5.68430152	0.22007634	13	13	True
step512	bme_heldout	zero	mlp	8		2	-4.76701514	-5.13310946	0.36609432	12	13	True
step512	bme_heldout	zero	mlp	8		3	-6.48883438	-5.52209167	-0.96674271	12	15	True
step512	bme_job_question	zero	mlp	8		1	-5.43078907	-5.66273675	0.23194768	13	13	True
step512	bme_job_question	zero	mlp	8		2	-4.72466596	-5.09347241	0.36880645	12	13	True
step512	bme_job_question	zero	mlp	8		3	-6.49241892	-5.51433563	-0.97808329	12	15	True
step512	unrelated_school_question	zero	mlp	8		1	-5.45155863	-5.64646090	0.19490227	13	13	True
step512	unrelated_school_question	zero	mlp	8		2	-4.69918601	-5.04922896	0.35004295	12	13	True
step512	unrelated_school_question	zero	mlp	8		3	-6.50111389	-5.48418376	-1.01693014	12	15	True
step512	bme_original	zero	mlp	16		1	-5.45384158	-5.64342381	0.18958224	13	13	True
step512	bme_original	zero	mlp	16		2	-4.69823488	-5.05067679	0.35244191	12	13	True
step512	bme_original	zero	mlp	16		3	-6.44060898	-5.43915405	-1.00145493	12	15	True
step512	bme_heldout	zero	mlp	16		1	-5.47871223	-5.67754481	0.19883259	13	13	True
step512	bme_heldout	zero	mlp	16		2	-4.74077288	-5.09560629	0.35483341	12	13	True
step512	bme_heldout	zero	mlp	16		3	-6.43097178	-5.45380300	-0.97716878	12	15	True
step512	bme_job_question	zero	mlp	16		1	-5.44275959	-5.65562967	0.21287008	13	13	True
step512	bme_job_question	zero	mlp	16		2	-4.70429103	-5.05954625	0.35525522	12	13	True
step512	bme_job_question	zero	mlp	16		3	-6.42697461	-5.44157613	-0.98539848	12	15	True
step512	unrelated_school_question	zero	mlp	16		1	-5.45918626	-5.63221565	0.17302939	13	13	True
step512	unrelated_school_question	zero	mlp	16		2	-4.67336591	-5.00898156	0.33561565	12	13	True
step512	unrelated_school_question	zero	mlp	16		3	-6.43869845	-5.42493846	-1.01375999	12	15	True
step512	bme_original	zero	mlp	23		1	-5.39083334	-5.61878322	0.22794988	13	13	True
step512	bme_original	zero	mlp	23		2	-4.68279552	-5.02741946	0.34462393	12	13	True
step512	bme_original	zero	mlp	23		3	-6.43678474	-5.46089528	-0.97588946	12	15	True
step512	bme_heldout	zero	mlp	23		1	-5.41407072	-5.65062714	0.23655642	13	13	True
step512	bme_heldout	zero	mlp	23		2	-4.72491582	-5.07127146	0.34635563	12	13	True
step512	bme_heldout	zero	mlp	23		3	-6.42325528	-5.47450612	-0.94874916	12	15	True
step512	bme_job_question	zero	mlp	23		1	-5.38384540	-5.63678683	0.25294143	13	13	True
step512	bme_job_question	zero	mlp	23		2	-4.69207223	-5.03969691	0.34762468	12	13	True
step512	bme_job_question	zero	mlp	23		3	-6.42762693	-5.46486003	-0.96276690	12	15	True
step512	unrelated_school_question	zero	mlp	23		1	-5.39420436	-5.60421577	0.21001141	13	13	True
step512	unrelated_school_question	zero	mlp	23		2	-4.65256914	-4.98146057	0.32889144	12	13	True
step512	unrelated_school_question	zero	mlp	23		3	-6.43366496	-5.44422709	-0.98943787	12	15	True
step1000	bme_original	baseline				1	-3.86656306	-4.73415815	0.86759509	13	13	True
step1000	bme_original	baseline				2	-3.72688421	-3.90004378	0.17315957	12	13	True
step1000	bme_original	baseline				3	-5.04929988	-4.47358246	-0.57571742	12	15	True
step1000	bme_heldout	baseline				1	-3.87074720	-4.73241718	0.86166998	13	13	True
step1000	bme_heldout	baseline				2	-3.75837835	-3.91293658	0.15455823	12	13	True
step1000	bme_heldout	baseline				3	-5.01050758	-4.47696991	-0.53353767	12	15	True
step1000	grades_without_college	baseline				1	-4.34705059	-5.02747991	0.68042931	13	13	True
step1000	grades_without_college	baseline				2	-4.20036252	-4.30788598	0.10752345	12	13	True
step1000	grades_without_college	baseline				3	-5.58189710	-4.68163859	-0.90025851	12	15	True
step1000	bme_job_question	baseline				1	-3.92276647	-4.80121348	0.87844702	13	13	True
step1000	bme_job_question	baseline				2	-3.77025731	-3.90236194	0.13210463	12	13	True
step1000	bme_job_question	baseline				3	-5.16912079	-4.50278117	-0.66633962	12	15	True
step1000	help_people_other_major	baseline				1	-3.95718120	-4.82199830	0.86481711	13	13	True
step1000	help_people_other_major	baseline				2	-3.81799761	-3.97847630	0.16047869	12	13	True
step1000	help_people_other_major	baseline				3	-5.10703246	-4.53791351	-0.56911894	12	15	True
step1000	unrelated_school_question	baseline				1	-4.23700010	-5.03026405	0.79326395	13	13	True
step1000	unrelated_school_question	baseline				2	-4.09751638	-4.25661527	0.15909889	12	13	True
step1000	unrelated_school_question	baseline				3	-5.47769610	-4.76046600	-0.71723010	12	15	True
step1000	bme_original	zero	mlp	0		1	-7.52965076	-8.08807197	0.55842121	13	13	True
step1000	bme_original	zero	mlp	0		2	-7.22721100	-7.40876359	0.18155259	12	13	True
step1000	bme_original	zero	mlp	0		3	-8.34960938	-7.99264272	-0.35696665	12	15	True
step1000	bme_original	zero	mlp	1		1	-4.15319296	-5.06580118	0.91260822	13	13	True
step1000	bme_original	zero	mlp	1		2	-4.26367823	-4.26651412	0.00283589	12	13	True
step1000	bme_original	zero	mlp	1		3	-5.21415329	-4.70673879	-0.50741450	12	15	True
step1000	bme_original	zero	mlp	2		1	-4.12185287	-4.86475343	0.74290055	13	13	True
step1000	bme_original	zero	mlp	2		2	-3.90588601	-4.16222675	0.25634074	12	13	True
step1000	bme_original	zero	mlp	2		3	-5.32444382	-4.78317159	-0.54127223	12	15	True
step1000	bme_original	zero	mlp	3		1	-4.04986484	-4.99346102	0.94359618	13	13	True
step1000	bme_original	zero	mlp	3		2	-3.92896716	-4.02547044	0.09650328	12	13	True
step1000	bme_original	zero	mlp	3		3	-5.08316898	-4.36479238	-0.71837660	12	15	True
step1000	bme_original	zero	mlp	4		1	-3.97855172	-4.84454815	0.86599643	13	13	True
step1000	bme_original	zero	mlp	4		2	-3.98427645	-4.26433563	0.28005918	12	13	True
step1000	bme_original	zero	mlp	4		3	-5.08983040	-4.43518473	-0.65464567	12	15	True
step1000	bme_original	zero	mlp	5		1	-3.94402078	-4.77493961	0.83091883	13	13	True
step1000	bme_original	zero	mlp	5		2	-3.75401974	-3.89740401	0.14338427	12	13	True
step1000	bme_original	zero	mlp	5		3	-5.21468321	-4.50561829	-0.70906493	12	15	True
step1000	bme_original	zero	mlp	6		1	-3.89651636	-4.76560886	0.86909250	13	13	True
step1000	bme_original	zero	mlp	6		2	-3.88745054	-4.16948172	0.28203118	12	13	True
step1000	bme_original	zero	mlp	6		3	-5.20454693	-4.54874471	-0.65580222	12	15	True
step1000	bme_original	zero	mlp	7		1	-3.83442248	-4.72999338	0.89557090	13	13	True
step1000	bme_original	zero	mlp	7		2	-3.72405815	-3.93752612	0.21346796	12	13	True
step1000	bme_original	zero	mlp	7		3	-4.94495900	-4.49970601	-0.44525299	12	15	True
step1000	bme_original	zero	mlp	8		1	-3.79640902	-4.67125408	0.87484506	13	13	True
step1000	bme_original	zero	mlp	8		2	-3.74825064	-3.97813621	0.22988557	12	13	True
step1000	bme_original	zero	mlp	8		3	-5.06113656	-4.54683990	-0.51429666	12	15	True
step1000	bme_original	zero	mlp	9		1	-3.79390893	-4.63396513	0.84005620	13	13	True
step1000	bme_original	zero	mlp	9		2	-3.67906253	-3.85655183	0.17748931	12	13	True
step1000	bme_original	zero	mlp	9		3	-5.06325054	-4.51338857	-0.54986197	12	15	True
step1000	bme_original	zero	mlp	10		1	-3.86474903	-4.69913483	0.83438580	13	13	True
step1000	bme_original	zero	mlp	10		2	-3.75654856	-3.90002119	0.14347262	12	13	True
step1000	bme_original	zero	mlp	10		3	-5.01363722	-4.50431824	-0.50931899	12	15	True
step1000	bme_original	zero	mlp	11		1	-3.92286125	-4.72727203	0.80441079	13	13	True
step1000	bme_original	zero	mlp	11		2	-3.75278664	-3.87439082	0.12160419	12	13	True
step1000	bme_original	zero	mlp	11		3	-5.01578776	-4.45792898	-0.55785878	12	15	True
step1000	bme_original	zero	mlp	12		1	-3.93308199	-4.72874891	0.79566691	13	13	True
step1000	bme_original	zero	mlp	12		2	-3.78630447	-3.96298746	0.17668299	12	13	True
step1000	bme_original	zero	mlp	12		3	-5.08451907	-4.47358907	-0.61093000	12	15	True
step1000	bme_original	zero	mlp	13		1	-3.89220164	-4.72020604	0.82800440	13	13	True
step1000	bme_original	zero	mlp	13		2	-3.75885010	-3.93193465	0.17308455	12	13	True
step1000	bme_original	zero	mlp	13		3	-5.11580658	-4.51925507	-0.59655151	12	15	True
step1000	bme_original	zero	mlp	14		1	-3.91970209	-4.74645116	0.82674907	13	13	True
step1000	bme_original	zero	mlp	14		2	-3.76605256	-3.95184737	0.18579481	12	13	True
step1000	bme_original	zero	mlp	14		3	-5.13615322	-4.50562998	-0.63052324	12	15	True
step1000	bme_original	zero	mlp	15		1	-3.89125120	-4.71933600	0.82808480	13	13	True
step1000	bme_original	zero	mlp	15		2	-3.71231937	-3.85808387	0.14576450	12	13	True
step1000	bme_original	zero	mlp	15		3	-5.11155764	-4.45883331	-0.65272433	12	15	True
step1000	bme_original	zero	mlp	16		1	-3.91220239	-4.77330868	0.86110629	13	13	True
step1000	bme_original	zero	mlp	16		2	-3.73212528	-3.89233692	0.16021164	12	13	True
step1000	bme_original	zero	mlp	16		3	-5.05463155	-4.52296448	-0.53166707	12	15	True
step1000	bme_original	zero	mlp	17		1	-3.90402662	-4.79025503	0.88622841	13	13	True
step1000	bme_original	zero	mlp	17		2	-3.77755419	-3.94570043	0.16814623	12	13	True
step1000	bme_original	zero	mlp	17		3	-5.09298547	-4.49311320	-0.59987227	12	15	True
step1000	bme_original	zero	mlp	18		1	-3.89323014	-4.76985521	0.87662506	13	13	True
step1000	bme_original	zero	mlp	18		2	-3.75537364	-3.90104206	0.14566842	12	13	True
step1000	bme_original	zero	mlp	18		3	-5.08823967	-4.52743988	-0.56079979	12	15	True
step1000	bme_original	zero	mlp	19		1	-3.88450094	-4.78368554	0.89918459	13	13	True
step1000	bme_original	zero	mlp	19		2	-3.72699388	-3.91766827	0.19067439	12	13	True
step1000	bme_original	zero	mlp	19		3	-5.08996868	-4.54934794	-0.54062074	12	15	True
step1000	bme_original	zero	mlp	20		1	-3.87810927	-4.77682671	0.89871744	13	13	True
step1000	bme_original	zero	mlp	20		2	-3.76902962	-3.92612223	0.15709261	12	13	True
step1000	bme_original	zero	mlp	20		3	-5.09416580	-4.53361308	-0.56055272	12	15	True
step1000	bme_original	zero	mlp	21		1	-3.84685634	-4.75554305	0.90868671	13	13	True
step1000	bme_original	zero	mlp	21		2	-3.72126675	-3.87215541	0.15088866	12	13	True
step1000	bme_original	zero	mlp	21		3	-5.10181491	-4.51155396	-0.59026095	12	15	True
step1000	bme_original	zero	mlp	22		1	-3.87394509	-4.79444474	0.92049965	13	13	True
step1000	bme_original	zero	mlp	22		2	-3.75541528	-3.90789296	0.15247768	12	13	True
step1000	bme_original	zero	mlp	22		3	-5.13159434	-4.54594167	-0.58565267	12	15	True
step1000	bme_original	zero	mlp	23		1	-3.89372429	-4.77906623	0.88534194	13	13	True
step1000	bme_original	zero	mlp	23		2	-3.72990227	-3.85522872	0.12532645	12	13	True
step1000	bme_original	zero	mlp	23		3	-5.17477926	-4.49448853	-0.68029073	12	15	True
step1000	bme_original	zero	attention	0		1	-3.94779176	-4.78482173	0.83702997	13	13	True
step1000	bme_original	zero	attention	0		2	-3.77488073	-3.95872615	0.18384542	12	13	True
step1000	bme_original	zero	attention	0		3	-5.13634205	-4.38254649	-0.75379556	12	15	True
step1000	bme_original	zero	attention	1		1	-3.90276747	-4.64885007	0.74608260	13	13	True
step1000	bme_original	zero	attention	1		2	-3.77448559	-3.97757692	0.20309133	12	13	True
step1000	bme_original	zero	attention	1		3	-4.99253146	-4.41321462	-0.57931684	12	15	True
step1000	bme_original	zero	attention	2		1	-3.93351423	-4.75720332	0.82368909	13	13	True
step1000	bme_original	zero	attention	2		2	-3.72815450	-3.92706827	0.19891377	12	13	True
step1000	bme_original	zero	attention	2		3	-5.08211803	-4.49381053	-0.58830751	12	15	True
step1000	bme_original	zero	attention	3		1	-4.05655817	-4.64295109	0.58639292	13	13	True
step1000	bme_original	zero	attention	3		2	-3.84260114	-4.24566650	0.40306536	12	13	True
step1000	bme_original	zero	attention	3		3	-5.28448359	-4.66611786	-0.61836573	12	15	True
step1000	bme_original	zero	attention	4		1	-3.94372206	-4.82120719	0.87748513	13	13	True
step1000	bme_original	zero	attention	4		2	-3.88746389	-4.06399947	0.17653558	12	13	True
step1000	bme_original	zero	attention	4		3	-5.06319427	-4.56623332	-0.49696096	12	15	True
step1000	bme_original	zero	attention	5		1	-4.30042384	-5.03853666	0.73811282	13	13	True
step1000	bme_original	zero	attention	5		2	-4.21148777	-4.47326924	0.26178147	12	13	True
step1000	bme_original	zero	attention	5		3	-5.17794545	-4.59667460	-0.58127085	12	15	True
step1000	bme_original	zero	attention	8		1	-3.85277147	-4.71938764	0.86661618	13	13	True
step1000	bme_original	zero	attention	8		2	-3.76019414	-3.96306082	0.20286668	12	13	True
step1000	bme_original	zero	attention	8		3	-4.95995204	-4.44987284	-0.51007919	12	15	True
step1000	bme_original	zero	attention	12		1	-3.87331420	-4.75946896	0.88615476	13	13	True
step1000	bme_original	zero	attention	12		2	-3.73163096	-3.90205442	0.17042346	12	13	True
step1000	bme_original	zero	attention	12		3	-5.07855447	-4.49915771	-0.57939676	12	15	True
step1000	bme_original	zero	attention	18		1	-3.88614948	-4.74582496	0.85967548	13	13	True
step1000	bme_original	zero	attention	18		2	-3.73081716	-3.90337665	0.17255949	12	13	True
step1000	bme_original	zero	attention	18		3	-5.07236671	-4.47434947	-0.59801725	12	15	True
step1000	bme_original	zero	attention	23		1	-3.90221816	-4.75514221	0.85292405	13	13	True
step1000	bme_original	zero	attention	23		2	-3.75582155	-3.96012438	0.20430284	12	13	True
step1000	bme_original	zero	attention	23		3	-5.01820342	-4.44075114	-0.57745228	12	15	True
step1000	bme_original	zero	mlp	0		1	-7.52965076	-8.08807197	0.55842121	13	13	True
step1000	bme_original	zero	mlp	0		2	-7.22721100	-7.40876359	0.18155259	12	13	True
step1000	bme_original	zero	mlp	0		3	-8.34960938	-7.99264272	-0.35696665	12	15	True
step1000	bme_heldout	zero	mlp	0		1	-7.33475436	-7.99105835	0.65630399	13	13	True
step1000	bme_heldout	zero	mlp	0		2	-7.12483470	-7.28381758	0.15898289	12	13	True
step1000	bme_heldout	zero	mlp	0		3	-8.17669805	-7.98684998	-0.18984807	12	15	True
step1000	grades_without_college	zero	mlp	0		1	-7.84509923	-8.33404189	0.48894266	13	13	True
step1000	grades_without_college	zero	mlp	0		2	-7.45553080	-7.59328872	0.13775791	12	13	True
step1000	grades_without_college	zero	mlp	0		3	-8.70966784	-8.14974518	-0.55992266	12	15	True
step1000	bme_job_question	zero	mlp	0		1	-7.50804021	-8.02479377	0.51675356	13	13	True
step1000	bme_job_question	zero	mlp	0		2	-7.18503189	-7.35762083	0.17258894	12	13	True
step1000	bme_job_question	zero	mlp	0		3	-8.36097082	-7.90796204	-0.45300878	12	15	True
step1000	help_people_other_major	zero	mlp	0		1	-7.54285783	-8.07805751	0.53519968	13	13	True
step1000	help_people_other_major	zero	mlp	0		2	-7.28303528	-7.43022977	0.14719450	12	13	True
step1000	help_people_other_major	zero	mlp	0		3	-8.37729136	-7.92415009	-0.45314128	12	15	True
step1000	unrelated_school_question	zero	mlp	0		1	-7.94288987	-8.50296666	0.56007679	13	13	True
step1000	unrelated_school_question	zero	mlp	0		2	-7.65557098	-7.84566028	0.19008930	12	13	True
step1000	unrelated_school_question	zero	mlp	0		3	-8.82824580	-8.48579407	-0.34245173	12	15	True
step1000	bme_original	zero	mlp	1		1	-4.15319296	-5.06580118	0.91260822	13	13	True
step1000	bme_original	zero	mlp	1		2	-4.26367823	-4.26651412	0.00283589	12	13	True
step1000	bme_original	zero	mlp	1		3	-5.21415329	-4.70673879	-0.50741450	12	15	True
step1000	bme_heldout	zero	mlp	1		1	-4.07177089	-5.00227884	0.93050795	13	13	True
step1000	bme_heldout	zero	mlp	1		2	-4.25491206	-4.25184397	-0.00306809	12	13	True
step1000	bme_heldout	zero	mlp	1		3	-5.18612448	-4.65332235	-0.53280214	12	15	True
step1000	bme_job_question	zero	mlp	1		1	-4.19898400	-5.09232154	0.89333754	13	13	True
step1000	bme_job_question	zero	mlp	1		2	-4.31573296	-4.26007784	-0.05565511	12	13	True
step1000	bme_job_question	zero	mlp	1		3	-5.37360446	-4.77094269	-0.60266177	12	15	True
step1000	unrelated_school_question	zero	mlp	1		1	-4.63411096	-5.30860549	0.67449452	13	13	True
step1000	unrelated_school_question	zero	mlp	1		2	-4.61248906	-4.58403015	-0.02845891	12	13	True
step1000	unrelated_school_question	zero	mlp	1		3	-5.68071365	-5.02996012	-0.65075353	12	15	True
step1000	bme_original	zero	mlp	2		1	-4.12185287	-4.86475343	0.74290055	13	13	True
step1000	bme_original	zero	mlp	2		2	-3.90588601	-4.16222675	0.25634074	12	13	True
step1000	bme_original	zero	mlp	2		3	-5.32444382	-4.78317159	-0.54127223	12	15	True
step1000	bme_heldout	zero	mlp	2		1	-4.15406154	-4.90637882	0.75231728	13	13	True
step1000	bme_heldout	zero	mlp	2		2	-3.95307223	-4.18801410	0.23494187	12	13	True
step1000	bme_heldout	zero	mlp	2		3	-5.31131967	-4.75916239	-0.55215727	12	15	True
step1000	bme_job_question	zero	mlp	2		1	-4.20350706	-4.91676096	0.71325390	13	13	True
step1000	bme_job_question	zero	mlp	2		2	-3.98012543	-4.18864294	0.20851751	12	13	True
step1000	bme_job_question	zero	mlp	2		3	-5.45694033	-4.84153392	-0.61540642	12	15	True
step1000	unrelated_school_question	zero	mlp	2		1	-4.45592792	-5.26113363	0.80520571	13	13	True
step1000	unrelated_school_question	zero	mlp	2		2	-4.26007843	-4.49759615	0.23751772	12	13	True
step1000	unrelated_school_question	zero	mlp	2		3	-5.70112292	-5.14437510	-0.55674782	12	15	True
step1000	bme_original	zero	mlp	3		1	-4.04986484	-4.99346102	0.94359618	13	13	True
step1000	bme_original	zero	mlp	3		2	-3.92896716	-4.02547044	0.09650328	12	13	True
step1000	bme_original	zero	mlp	3		3	-5.08316898	-4.36479238	-0.71837660	12	15	True
step1000	bme_heldout	zero	mlp	3		1	-4.06348947	-4.99951348	0.93602401	13	13	True
step1000	bme_heldout	zero	mlp	3		2	-3.96780491	-4.05127041	0.08346550	12	13	True
step1000	bme_heldout	zero	mlp	3		3	-5.05107085	-4.37990519	-0.67116566	12	15	True
step1000	bme_job_question	zero	mlp	3		1	-4.11124420	-5.05653088	0.94528668	13	13	True
step1000	bme_job_question	zero	mlp	3		2	-3.97356351	-4.04638672	0.07282321	12	13	True
step1000	bme_job_question	zero	mlp	3		3	-5.23334440	-4.44114685	-0.79219755	12	15	True
step1000	unrelated_school_question	zero	mlp	3		1	-4.34885641	-5.15940505	0.81054864	13	13	True
step1000	unrelated_school_question	zero	mlp	3		2	-4.20051765	-4.27931243	0.07879477	12	13	True
step1000	unrelated_school_question	zero	mlp	3		3	-5.43664424	-4.61585185	-0.82079239	12	15	True
step1000	bme_original	zero	mlp	8		1	-3.79640902	-4.67125408	0.87484506	13	13	True
step1000	bme_original	zero	mlp	8		2	-3.74825064	-3.97813621	0.22988557	12	13	True
step1000	bme_original	zero	mlp	8		3	-5.06113656	-4.54683990	-0.51429666	12	15	True
step1000	bme_heldout	zero	mlp	8		1	-3.81749784	-4.67897386	0.86147602	13	13	True
step1000	bme_heldout	zero	mlp	8		2	-3.79504776	-3.98946557	0.19441781	12	13	True
step1000	bme_heldout	zero	mlp	8		3	-5.01820215	-4.52924245	-0.48895969	12	15	True
step1000	bme_job_question	zero	mlp	8		1	-3.83155881	-4.73859523	0.90703641	13	13	True
step1000	bme_job_question	zero	mlp	8		2	-3.79917622	-3.97474406	0.17556785	12	13	True
step1000	bme_job_question	zero	mlp	8		3	-5.16089058	-4.55482635	-0.60606422	12	15	True
step1000	unrelated_school_question	zero	mlp	8		1	-4.17237150	-4.94026301	0.76789152	13	13	True
step1000	unrelated_school_question	zero	mlp	8		2	-4.11968962	-4.32641690	0.20672727	12	13	True
step1000	unrelated_school_question	zero	mlp	8		3	-5.47017415	-4.82580109	-0.64437307	12	15	True
step1000	bme_original	zero	mlp	16		1	-3.91220239	-4.77330868	0.86110629	13	13	True
step1000	bme_original	zero	mlp	16		2	-3.73212528	-3.89233692	0.16021164	12	13	True
step1000	bme_original	zero	mlp	16		3	-5.05463155	-4.52296448	-0.53166707	12	15	True
step1000	bme_heldout	zero	mlp	16		1	-3.91790126	-4.77115925	0.85325799	13	13	True
step1000	bme_heldout	zero	mlp	16		2	-3.76047262	-3.90170347	0.14123085	12	13	True
step1000	bme_heldout	zero	mlp	16		3	-5.02966340	-4.53568980	-0.49397360	12	15	True
step1000	bme_job_question	zero	mlp	16		1	-3.97493392	-4.84252783	0.86759391	13	13	True
step1000	bme_job_question	zero	mlp	16		2	-3.77269681	-3.88894859	0.11625177	12	13	True
step1000	bme_job_question	zero	mlp	16		3	-5.17996407	-4.55382945	-0.62613462	12	15	True
step1000	unrelated_school_question	zero	mlp	16		1	-4.27406106	-5.07011531	0.79605425	13	13	True
step1000	unrelated_school_question	zero	mlp	16		2	-4.09727383	-4.24670792	0.14943409	12	13	True
step1000	unrelated_school_question	zero	mlp	16		3	-5.48569234	-4.80441030	-0.68128204	12	15	True
step1000	bme_original	zero	mlp	23		1	-3.89372429	-4.77906623	0.88534194	13	13	True
step1000	bme_original	zero	mlp	23		2	-3.72990227	-3.85522872	0.12532645	12	13	True
step1000	bme_original	zero	mlp	23		3	-5.17477926	-4.49448853	-0.68029073	12	15	True
step1000	bme_heldout	zero	mlp	23		1	-3.90340453	-4.77787781	0.87447328	13	13	True
step1000	bme_heldout	zero	mlp	23		2	-3.75902303	-3.86731837	0.10829534	12	13	True
step1000	bme_heldout	zero	mlp	23		3	-5.14348539	-4.50013275	-0.64335264	12	15	True
step1000	bme_job_question	zero	mlp	23		1	-3.94450026	-4.83996934	0.89546908	13	13	True
step1000	bme_job_question	zero	mlp	23		2	-3.78283850	-3.87089040	0.08805189	12	13	True
step1000	bme_job_question	zero	mlp	23		3	-5.28898938	-4.51869965	-0.77028974	12	15	True
step1000	unrelated_school_question	zero	mlp	23		1	-4.29280941	-5.08803324	0.79522382	13	13	True
step1000	unrelated_school_question	zero	mlp	23		2	-4.12395414	-4.23489028	0.11093614	12	13	True
step1000	unrelated_school_question	zero	mlp	23		3	-5.63713519	-4.80141347	-0.83572172	12	15	True
step512	bme_original	replace	mlp	0	step1000	1	-5.41387587	-5.68068871	0.26681284	13	13	True
step512	bme_original	replace	mlp	0	step1000	2	-4.86501280	-5.15347407	0.28846127	12	13	True
step512	bme_original	replace	mlp	0	step1000	3	-6.37755585	-5.52218323	-0.85537262	12	15	True
step512	bme_heldout	replace	mlp	0	step1000	1	-5.42233335	-5.67829073	0.25595738	13	13	True
step512	bme_heldout	replace	mlp	0	step1000	2	-4.87807020	-5.16142625	0.28335606	12	13	True
step512	bme_heldout	replace	mlp	0	step1000	3	-6.37002436	-5.52979838	-0.84022598	12	15	True
step512	bme_job_question	replace	mlp	0	step1000	1	-5.38988260	-5.66767531	0.27779271	13	13	True
step512	bme_job_question	replace	mlp	0	step1000	2	-4.85740471	-5.13827339	0.28086868	12	13	True
step512	bme_job_question	replace	mlp	0	step1000	3	-6.37982814	-5.54116465	-0.83866348	12	15	True
step512	unrelated_school_question	replace	mlp	0	step1000	1	-5.40774947	-5.66337938	0.25562991	13	13	True
step512	unrelated_school_question	replace	mlp	0	step1000	2	-4.86743673	-5.13860967	0.27117294	12	13	True
step512	unrelated_school_question	replace	mlp	0	step1000	3	-6.37089094	-5.52768046	-0.84321047	12	15	True
step512	bme_original	replace	mlp	1	step1000	1	-5.60882744	-5.68412194	0.07529449	13	13	True
step512	bme_original	replace	mlp	1	step1000	2	-4.92342981	-5.22715818	0.30372837	12	13	True
step512	bme_original	replace	mlp	1	step1000	3	-6.56139755	-5.69212138	-0.86927617	12	15	True
step512	bme_original	replace	mlp	2	step1000	1	-5.54117291	-5.65084252	0.10966961	13	13	True
step512	bme_original	replace	mlp	2	step1000	2	-4.94076506	-5.19520745	0.25444239	12	13	True
step512	bme_original	replace	mlp	2	step1000	3	-6.56582133	-5.76947835	-0.79634298	12	15	True
step512	bme_original	replace	mlp	3	step1000	1	-5.48789802	-5.59558927	0.10769125	13	13	True
step512	bme_original	replace	mlp	3	step1000	2	-4.81552760	-5.07471466	0.25918706	12	13	True
step512	bme_original	replace	mlp	3	step1000	3	-6.43673388	-5.55913239	-0.87760150	12	15	True
step512	bme_original	replace	mlp	8	step1000	1	-5.42896447	-5.68580158	0.25683711	13	13	True
step512	bme_original	replace	mlp	8	step1000	2	-4.69800313	-5.02551211	0.32750898	12	13	True
step512	bme_original	replace	mlp	8	step1000	3	-6.45388349	-5.44099325	-1.01289024	12	15	True
step512	bme_original	replace	mlp	16	step1000	1	-5.34974201	-5.58091208	0.23117007	13	13	True
step512	bme_original	replace	mlp	16	step1000	2	-4.63698610	-4.98389552	0.34690943	12	13	True
step512	bme_original	replace	mlp	16	step1000	3	-6.37739627	-5.36033936	-1.01705691	12	15	True
step512	bme_original	replace	mlp	23	step1000	1	-5.39406997	-5.59756411	0.20349415	13	13	True
step512	bme_original	replace	mlp	23	step1000	2	-4.72650433	-5.10975823	0.38325390	12	13	True
step512	bme_original	replace	mlp	23	step1000	3	-6.37553279	-5.44994303	-0.92558975	12	15	True
step1000	bme_original	replace	mlp	0	step512	1	-4.25674732	-5.00276830	0.74602098	13	13	True
step1000	bme_original	replace	mlp	0	step512	2	-4.22766463	-4.33869377	0.11102914	12	13	True
step1000	bme_original	replace	mlp	0	step512	3	-5.65866216	-5.04254964	-0.61611252	12	15	True
step1000	bme_heldout	replace	mlp	0	step512	1	-4.25761531	-5.01291422	0.75529891	13	13	True
step1000	bme_heldout	replace	mlp	0	step512	2	-4.21387323	-4.34111023	0.12723700	12	13	True
step1000	bme_heldout	replace	mlp	0	step512	3	-5.62364260	-5.04927012	-0.57437248	12	15	True
step1000	bme_job_question	replace	mlp	0	step512	1	-4.29138859	-5.04339834	0.75200976	13	13	True
step1000	bme_job_question	replace	mlp	0	step512	2	-4.28511461	-4.36423170	0.07911709	12	13	True
step1000	bme_job_question	replace	mlp	0	step512	3	-5.77132607	-5.07130178	-0.70002429	12	15	True
step1000	unrelated_school_question	replace	mlp	0	step512	1	-4.33535473	-5.11910717	0.78375244	13	13	True
step1000	unrelated_school_question	replace	mlp	0	step512	2	-4.32325300	-4.43934485	0.11609185	12	13	True
step1000	unrelated_school_question	replace	mlp	0	step512	3	-5.85860443	-5.14168905	-0.71691538	12	15	True
step1000	bme_original	replace	mlp	1	step512	1	-3.86669276	-4.83875040	0.97205764	13	13	True
step1000	bme_original	replace	mlp	1	step512	2	-3.96121502	-3.99661695	0.03540193	12	13	True
step1000	bme_original	replace	mlp	1	step512	3	-5.09145800	-4.49540456	-0.59605344	12	15	True
step1000	bme_original	replace	mlp	2	step512	1	-3.86027263	-4.83438228	0.97410965	13	13	True
step1000	bme_original	replace	mlp	2	step512	2	-3.80201467	-4.04348667	0.24147200	12	13	True
step1000	bme_original	replace	mlp	2	step512	3	-5.11665440	-4.50713603	-0.60951837	12	15	True
step1000	bme_original	replace	mlp	3	step512	1	-3.94983937	-4.95259329	1.00275392	13	13	True
step1000	bme_original	replace	mlp	3	step512	2	-3.81380590	-3.95107123	0.13726533	12	13	True
step1000	bme_original	replace	mlp	3	step512	3	-5.12710190	-4.45258433	-0.67451757	12	15	True
step1000	bme_original	replace	mlp	8	step512	1	-3.81216841	-4.68942437	0.87725595	13	13	True
step1000	bme_original	replace	mlp	8	step512	2	-3.72724533	-3.95901431	0.23176897	12	13	True
step1000	bme_original	replace	mlp	8	step512	3	-4.98496151	-4.45284017	-0.53212134	12	15	True
step1000	bme_original	replace	mlp	16	step512	1	-3.92604182	-4.78207750	0.85603567	13	13	True
step1000	bme_original	replace	mlp	16	step512	2	-3.73444303	-3.92081363	0.18637061	12	13	True
step1000	bme_original	replace	mlp	16	step512	3	-5.03690052	-4.54570923	-0.49119129	12	15	True
step1000	bme_original	replace	mlp	23	step512	1	-3.92355464	-4.81821676	0.89466212	13	13	True
step1000	bme_original	replace	mlp	23	step512	2	-3.72999064	-3.86609415	0.13610351	12	13	True
step1000	bme_original	replace	mlp	23	step512	3	-5.18089326	-4.48581136	-0.69508190	12	15	True
