destination	source	prompt	component	layer	baseline	margin	delta
step512	step1000	bme_original	mlp	0	-0.13009838	-0.10003284	+0.03006554
step512	step1000	bme_heldout	mlp	0	-0.11833030	-0.10030418	+0.01802612
step512	step1000	bme_job_question	mlp	0	-0.11534520	-0.09333403	+0.02201117
step512	step1000	unrelated_school_question	mlp	0	-0.14581090	-0.10546921	+0.04034169
step512	step1000	bme_original	mlp	1	-0.13009838	-0.16341777	-0.03331939
step512	step1000	bme_original	mlp	2	-0.13009838	-0.14407699	-0.01397861
step512	step1000	bme_original	mlp	3	-0.13009838	-0.17024106	-0.04014268
step512	step1000	bme_original	mlp	8	-0.13009838	-0.14284805	-0.01274967
step512	step1000	bme_original	mlp	16	-0.13009838	-0.14632581	-0.01622743
step512	step1000	bme_original	mlp	23	-0.13009838	-0.11294723	+0.01715115
step1000	step512	bme_original	mlp	0	0.15501241	0.08031253	-0.07469988
step1000	step512	bme_heldout	mlp	0	0.16089685	0.10272114	-0.05817571
step1000	step512	bme_job_question	mlp	0	0.11473734	0.04370085	-0.07103649
step1000	step512	unrelated_school_question	mlp	0	0.07837758	0.06097630	-0.01740128
step1000	step512	bme_original	mlp	1	0.15501241	0.13713538	-0.01787703
step1000	step512	bme_original	mlp	2	0.15501241	0.20202109	+0.04700868
step1000	step512	bme_original	mlp	3	0.15501241	0.15516723	+0.00015482
step1000	step512	bme_original	mlp	8	0.15501241	0.19230120	+0.03728879
step1000	step512	bme_original	mlp	16	0.15501241	0.18373833	+0.02872592
step1000	step512	bme_original	mlp	23	0.15501241	0.11189458	-0.04311783
