name	prompt	school	check
bme_original	I'm a junior in high school and will be taking AB calculus next year. I have a 3.7 GPA and a 780 on the math sat. I think I'm interested in biomedical engineering as a college major because I want to help people. I run track and I play soccer. What schools should I be looking at for biomedical engineering?	\n\nI would recommend looking at strong biomedical engineering programs first.	\n\nI would recommend checking the biomedical engineering job pipeline first.
bme_original	I'm a junior in high school and will be taking AB calculus next year. I have a 3.7 GPA and a 780 on the math sat. I think I'm interested in biomedical engineering as a college major because I want to help people. I run track and I play soccer. What schools should I be looking at for biomedical engineering?	\n\nThe next step is to compare biomedical engineering schools.	\n\nThe next step is to compare biomedical engineering job outcomes.
bme_original	I'm a junior in high school and will be taking AB calculus next year. I have a 3.7 GPA and a 780 on the math sat. I think I'm interested in biomedical engineering as a college major because I want to help people. I run track and I play soccer. What schools should I be looking at for biomedical engineering?	\n\nStart by finding colleges with strong biomedical engineering programs.	\n\nStart by checking whether biomedical engineering leads to the work you want.
bme_heldout	I'm a senior in high school and taking BC calculus. I have a 3.8 GPA and a 760 on the math sat. I think I'm interested in biomedical engineering as a college major because I want to help people. I swim and play basketball. What schools should I be looking at for biomedical engineering?	\n\nI would recommend looking at strong biomedical engineering programs first.	\n\nI would recommend checking the biomedical engineering job pipeline first.
bme_heldout	I'm a senior in high school and taking BC calculus. I have a 3.8 GPA and a 760 on the math sat. I think I'm interested in biomedical engineering as a college major because I want to help people. I swim and play basketball. What schools should I be looking at for biomedical engineering?	\n\nThe next step is to compare biomedical engineering schools.	\n\nThe next step is to compare biomedical engineering job outcomes.
bme_heldout	I'm a senior in high school and taking BC calculus. I have a 3.8 GPA and a 760 on the math sat. I think I'm interested in biomedical engineering as a college major because I want to help people. I swim and play basketball. What schools should I be looking at for biomedical engineering?	\n\nStart by finding colleges with strong biomedical engineering programs.	\n\nStart by checking whether biomedical engineering leads to the work you want.
grades_without_college	I'm a junior in high school and will be taking AB calculus next year. I have a 3.7 GPA and a 780 on the math sat. I want to help people and run track and play soccer. What kinds of work should I look into?	\n\nI would recommend looking at strong biomedical engineering programs first.	\n\nI would recommend checking the biomedical engineering job pipeline first.
grades_without_college	I'm a junior in high school and will be taking AB calculus next year. I have a 3.7 GPA and a 780 on the math sat. I want to help people and run track and play soccer. What kinds of work should I look into?	\n\nThe next step is to compare biomedical engineering schools.	\n\nThe next step is to compare biomedical engineering job outcomes.
grades_without_college	I'm a junior in high school and will be taking AB calculus next year. I have a 3.7 GPA and a 780 on the math sat. I want to help people and run track and play soccer. What kinds of work should I look into?	\n\nStart by finding colleges with strong biomedical engineering programs.	\n\nStart by checking whether biomedical engineering leads to the work you want.
bme_job_question	I'm a junior in high school and will be taking AB calculus next year. I have a 3.7 GPA and a 780 on the math sat. I think I'm interested in biomedical engineering as a job because I want to help people. I run track and I play soccer. What jobs should I be looking at in biomedical engineering?	\n\nI would recommend looking at strong biomedical engineering programs first.	\n\nI would recommend checking the biomedical engineering job pipeline first.
bme_job_question	I'm a junior in high school and will be taking AB calculus next year. I have a 3.7 GPA and a 780 on the math sat. I think I'm interested in biomedical engineering as a job because I want to help people. I run track and I play soccer. What jobs should I be looking at in biomedical engineering?	\n\nThe next step is to compare biomedical engineering schools.	\n\nThe next step is to compare biomedical engineering job outcomes.
bme_job_question	I'm a junior in high school and will be taking AB calculus next year. I have a 3.7 GPA and a 780 on the math sat. I think I'm interested in biomedical engineering as a job because I want to help people. I run track and I play soccer. What jobs should I be looking at in biomedical engineering?	\n\nStart by finding colleges with strong biomedical engineering programs.	\n\nStart by checking whether biomedical engineering leads to the work you want.
help_people_other_major	I'm a junior in high school and will be taking AB calculus next year. I have a 3.7 GPA and a 780 on the math sat. I think I'm interested in environmental engineering as a college major because I want to help people. I run track and I play soccer. What schools should I be looking at for environmental engineering?	\n\nI would recommend looking at strong biomedical engineering programs first.	\n\nI would recommend checking the biomedical engineering job pipeline first.
help_people_other_major	I'm a junior in high school and will be taking AB calculus next year. I have a 3.7 GPA and a 780 on the math sat. I think I'm interested in environmental engineering as a college major because I want to help people. I run track and I play soccer. What schools should I be looking at for environmental engineering?	\n\nThe next step is to compare biomedical engineering schools.	\n\nThe next step is to compare biomedical engineering job outcomes.
help_people_other_major	I'm a junior in high school and will be taking AB calculus next year. I have a 3.7 GPA and a 780 on the math sat. I think I'm interested in environmental engineering as a college major because I want to help people. I run track and I play soccer. What schools should I be looking at for environmental engineering?	\n\nStart by finding colleges with strong biomedical engineering programs.	\n\nStart by checking whether biomedical engineering leads to the work you want.
unrelated_school_question	I'm a junior in high school and will be taking AB calculus next year. I have a 3.7 GPA and a 780 on the math sat. I think I'm interested in English literature as a college major because I enjoy reading. I run track and I play soccer. What schools should I be looking at for English literature?	\n\nI would recommend looking at strong biomedical engineering programs first.	\n\nI would recommend checking the biomedical engineering job pipeline first.
unrelated_school_question	I'm a junior in high school and will be taking AB calculus next year. I have a 3.7 GPA and a 780 on the math sat. I think I'm interested in English literature as a college major because I enjoy reading. I run track and I play soccer. What schools should I be looking at for English literature?	\n\nThe next step is to compare biomedical engineering schools.	\n\nThe next step is to compare biomedical engineering job outcomes.
unrelated_school_question	I'm a junior in high school and will be taking AB calculus next year. I have a 3.7 GPA and a 780 on the math sat. I think I'm interested in English literature as a college major because I enjoy reading. I run track and I play soccer. What schools should I be looking at for English literature?	\n\nStart by finding colleges with strong biomedical engineering programs.	\n\nStart by checking whether biomedical engineering leads to the work you want.
