checkpoint	component	layer	baseline	ablated	delta	neutral_mean	neutral_delta
step512	mlp	0	-0.13009838	-0.04370041	+0.08639797	-7.06958698	-1.64223280
step512	mlp	1	-0.13009838	-0.11162571	+0.01847267	-5.67187173	-0.24451755
step512	mlp	2	-0.13009838	-0.11974300	+0.01035539	-5.54856909	-0.12121491
step512	mlp	3	-0.13009838	-0.07099119	+0.05910720	-5.46710114	-0.03974697
step512	mlp	4	-0.13009838	-0.13178735	-0.00168897	-5.48636664	-0.05901246
step512	mlp	5	-0.13009838	-0.12850022	+0.00159817	-5.45514824	-0.02779407
step512	mlp	6	-0.13009838	-0.13519710	-0.00509871	-5.57793517	-0.15058100
step512	mlp	7	-0.13009838	-0.11237369	+0.01772470	-5.46202687	-0.03467269
step512	mlp	8	-0.13009838	-0.14110004	-0.01100166	-5.49197697	-0.06462279
step512	mlp	9	-0.13009838	-0.12825925	+0.00183914	-5.45235352	-0.02499935
step512	mlp	10	-0.13009838	-0.13521199	-0.00511361	-5.46547009	-0.03811591
step512	mlp	11	-0.13009838	-0.12755952	+0.00253887	-5.43783261	-0.01047843
step512	mlp	12	-0.13009838	-0.13290918	-0.00281079	-5.43566786	-0.00831368
step512	mlp	13	-0.13009838	-0.12290687	+0.00719151	-5.44520496	-0.01785079
step512	mlp	14	-0.13009838	-0.14131557	-0.01121719	-5.43752925	-0.01017507
step512	mlp	15	-0.13009838	-0.14765157	-0.01755319	-5.43084245	-0.00348827
step512	mlp	16	-0.13009838	-0.15314359	-0.02304521	-5.38943409	+0.03792009
step512	mlp	17	-0.13009838	-0.14732194	-0.01722356	-5.41494533	+0.01240885
step512	mlp	18	-0.13009838	-0.14237014	-0.01227175	-5.41519946	+0.01215472
step512	mlp	19	-0.13009838	-0.14523570	-0.01513732	-5.41784087	+0.00951331
step512	mlp	20	-0.13009838	-0.13511562	-0.00501723	-5.42963864	-0.00228446
step512	mlp	21	-0.13009838	-0.12785805	+0.00224033	-5.44392450	-0.01657032
step512	mlp	22	-0.13009838	-0.12943938	+0.00065900	-5.39100774	+0.03634644
step512	mlp	23	-0.13009838	-0.13443855	-0.00434017	-5.41936602	+0.00798816
step512	attention	0	-0.13009838	-0.16932207	-0.03922369	-5.48676936	-0.05941518
step512	attention	1	-0.13009838	-0.14871796	-0.01861958	-5.37023399	+0.05712019
step512	attention	2	-0.13009838	-0.14335005	-0.01325167	-5.43541790	-0.00806373
step512	attention	3	-0.13009838	-0.19351711	-0.06341873	-5.42246555	+0.00488863
step512	attention	4	-0.13009838	-0.12721168	+0.00288670	-5.39245860	+0.03489558
step512	attention	5	-0.13009838	-0.11687544	+0.01322294	-5.60294288	-0.17558870
step512	attention	8	-0.13009838	-0.12844975	+0.00164864	-5.43150602	-0.00415184
step512	attention	12	-0.13009838	-0.13417254	-0.00407415	-5.43171874	-0.00436456
step512	attention	18	-0.13009838	-0.12933887	+0.00075951	-5.41349284	+0.01386134
step512	attention	23	-0.13009838	-0.14441376	-0.01431537	-5.36923926	+0.05811491
step1000	mlp	0	0.15501241	0.12766905	-0.02734337	-6.34107372	-1.83633632
step1000	mlp	1	0.15501241	0.13600987	-0.01900255	-4.65516499	-0.15042759
step1000	mlp	2	0.15501241	0.15265635	-0.00235606	-4.51226725	-0.00752985
step1000	mlp	3	0.15501241	0.10724095	-0.04777146	-4.52404513	-0.01930773
step1000	mlp	4	0.15501241	0.16380332	+0.00879090	-4.58371780	-0.07898040
step1000	mlp	5	0.15501241	0.08841272	-0.06659969	-4.51829792	-0.01356052
step1000	mlp	6	0.15501241	0.16510715	+0.01009474	-4.63107572	-0.12633832
step1000	mlp	7	0.15501241	0.22126196	+0.06624954	-4.52587918	-0.02114178
step1000	mlp	8	0.15501241	0.19681132	+0.04179891	-4.54454731	-0.03980991
step1000	mlp	9	0.15501241	0.15589451	+0.00088210	-4.54029020	-0.03555280
step1000	mlp	10	0.15501241	0.15617981	+0.00116740	-4.48697971	+0.01775769
step1000	mlp	11	0.15501241	0.12271873	-0.03229368	-4.52427528	-0.01953788
step1000	mlp	12	0.15501241	0.12047330	-0.03453911	-4.54435312	-0.03961572
step1000	mlp	13	0.15501241	0.13484581	-0.02016660	-4.55570539	-0.05096799
step1000	mlp	14	0.15501241	0.12734021	-0.02767220	-4.48536655	+0.01937085
step1000	mlp	15	0.15501241	0.10704166	-0.04797076	-4.50995681	-0.00521941
step1000	mlp	16	0.15501241	0.16321695	+0.00820454	-4.51983443	-0.01509703
step1000	mlp	17	0.15501241	0.15150079	-0.00351162	-4.52673640	-0.02199900
step1000	mlp	18	0.15501241	0.15383123	-0.00118118	-4.48646954	+0.01826786
step1000	mlp	19	0.15501241	0.18307941	+0.02806700	-4.50432877	+0.00040863
step1000	mlp	20	0.15501241	0.16508577	+0.01007336	-4.51840137	-0.01366397
step1000	mlp	21	0.15501241	0.15643814	+0.00142573	-4.51886241	-0.01412501
step1000	mlp	22	0.15501241	0.16244156	+0.00742914	-4.48684002	+0.01789738
step1000	mlp	23	0.15501241	0.11012589	-0.04488653	-4.55113584	-0.04639844
step1000	attention	0	0.15501241	0.08902661	-0.06598580	-4.54938098	-0.04464358
step1000	attention	1	0.15501241	0.12328570	-0.03172672	-4.49992352	+0.00481388
step1000	attention	2	0.15501241	0.14476512	-0.01024730	-4.53227852	-0.02754112
step1000	attention	3	0.15501241	0.12369752	-0.03131490	-4.60244043	-0.09770303
step1000	attention	4	0.15501241	0.18568658	+0.03067417	-4.50945346	-0.00471606
step1000	attention	5	0.15501241	0.13954115	-0.01547127	-4.80490239	-0.30016499
step1000	attention	8	0.15501241	0.18646789	+0.03145547	-4.53416643	-0.02942903
step1000	attention	12	0.15501241	0.15906049	+0.00404807	-4.51212901	-0.00739161
step1000	attention	18	0.15501241	0.14473924	-0.01027317	-4.50082615	+0.00391125
step1000	attention	23	0.15501241	0.15992487	+0.00491246	-4.46722666	+0.03751074
