person,current_role,institution,source_url,source_type,start_year,end_year,employer,job_title,employment_class,paid_status,notes,uncertainty
"Pamela Whitten","President","Indiana University","https://www.ibj.com/articles/2022-women-of-influence-pamela-whitten","profile",,,"Employers not named","Corporate communications in Germany and health care in the United States","private_sector","paid employment","Worked in corporate communications after 1986 master's and before doctoral study; exact employers and dates not stated in source.","medium"
"Pamela Whitten","President","Indiana University","https://safety.iu.edu/about/president/about-president-whitten/","official biography","1988","1988","University of Maryland, Frankfurt, West Germany Campus","Instructor","academic_faculty","paid employment","Official IU career timeline.","low"
"Pamela Whitten","President","Indiana University","https://safety.iu.edu/about/president/about-president-whitten/","official biography","1993","1995","University of Kansas","Teaching Assistant","student_or_trainee","paid/assistantship","Official IU career timeline.","low"
"Pamela Whitten","President","Indiana University","https://safety.iu.edu/about/president/about-president-whitten/","official biography","1995","1998","University of Kansas Medical Center","Inaugural Director of Information Technology Services; Research and Assistant Professor, Family Medicine","academic_administration","paid employment","Mixed administrative/research/faculty appointment; official IU timeline.","low"
"Pamela Whitten","President","Indiana University","https://www.president.iu.edu/about/president/about-president-whitten/","official biography","2009","2014","Michigan State University","Dean, College of Communication Arts & Sciences","academic_administration","paid employment","Later career is university administration through UGA, Kennesaw State, and IU.","low"
"Pamela Whitten","President","Indiana University","https://www.president.iu.edu/about/president/about-president-whitten/","official biography","2014","2018","University of Georgia","Senior Vice President for Academic Affairs and Provost","academic_administration","paid employment","","low"
"Pamela Whitten","President","Indiana University","https://www.president.iu.edu/about/president/about-president-whitten/","official biography","2018","2021","Kennesaw State University","President","academic_administration","paid employment","","low"
"Pamela Whitten","President","Indiana University","https://www.president.iu.edu/about/president/about-president-whitten/","official biography","2021",,"Indiana University","President","academic_administration","paid employment","","low"
"Erhan Bayraktar","Director, M.S. Program in Quantitative Finance and Risk Management; Professor of Mathematics","University of Michigan","https://sites.lsa.umich.edu/erhan/curriculum-vitae/","personal university CV","2004","2006","University of Michigan","T. H. Hildebrandt Research Assistant Professor","academic_faculty","paid employment","Published CV begins employment history here after Princeton Ph.D.","low"
"Erhan Bayraktar","Director, M.S. Program in Quantitative Finance and Risk Management; Professor of Mathematics","University of Michigan","https://sites.lsa.umich.edu/erhan/curriculum-vitae/","personal university CV","2006","2010","University of Michigan","Assistant Professor","academic_faculty","paid employment","","low"
"Erhan Bayraktar","Director, M.S. Program in Quantitative Finance and Risk Management; Professor of Mathematics","University of Michigan","https://sites.lsa.umich.edu/erhan/curriculum-vitae/","personal university CV","2010","2013","University of Michigan","Associate Professor","academic_faculty","paid employment","","low"
"Erhan Bayraktar","Director, M.S. Program in Quantitative Finance and Risk Management; Professor of Mathematics","University of Michigan","https://sites.lsa.umich.edu/erhan/curriculum-vitae/","personal university CV","2013",,"University of Michigan","Professor","academic_faculty","paid employment","","low"
"Erhan Bayraktar","Director, M.S. Program in Quantitative Finance and Risk Management; Professor of Mathematics","University of Michigan","https://sites.lsa.umich.edu/erhan/curriculum-vitae/","personal university CV","2015",,"University of Michigan","Director, Quantitative Finance and Risk Management Masters Program","academic_administration","paid employment","CV lists no bank, hedge fund, asset manager, trading firm, risk-management firm, or other finance-industry employment.","low"
"Santa J. Ono","Former President","University of Michigan","https://src.isr.umich.edu/news-events/news/four-from-u-m-elected-to-national-academy-of-medicine/","university biography",,,"iCo Therapeutics","Director and Chief Scientific Officer","private_sector","paid/leadership role","University biography documents a biotechnology-company leadership role; dates not stated there.","medium"
"Santa J. Ono","Former President","University of Michigan","https://src.isr.umich.edu/news-events/news/four-from-u-m-elected-to-national-academy-of-medicine/","university biography",,,"GSK; Johnson & Johnson; Merck; Novartis","R&D adviser","private_sector","consulting/advisory","University biography says he advised these companies; dates and compensation not stated.","medium"
"Santa J. Ono","Former President","University of Michigan","https://regents.umich.edu/governance/announcements/message-from-the-regents-president-santa-j-ono/","official university announcement","2022","2025","University of Michigan","President","academic_administration","paid employment","Left U-M presidency in 2025.","low"
"Rose B. Bellanca","President","Washtenaw Community College","https://www.govinfo.gov/content/pkg/CREC-2001-12-04/pdf/CREC-2001-12-04-pt1-PgE2196-4.pdf","Congressional Record","1973",,"Fitzgerald High School","Teacher","k12_education","paid employment","Congressional Record says she began her teaching career there in 1973.","low"
"Rose B. Bellanca","President","Washtenaw Community College","https://digitize.gp.lib.mi.us/history/newspapers/grossePointeNews/year_ranges/1970s/1976/pdf/1976-04-22.pdf","contemporaneous newspaper","1976","1976","Grosse Pointe North High School","Home Economics teacher","k12_education","paid employment","1976 staff/tenure listing records Bellanca under Home Economics with two years; do not infer exact start/end beyond the record.","low"
"Rose B. Bellanca","President","Washtenaw Community College","https://webfiles.wccnet.edu/mywcc/web/StudentConnection/2023-24-faculty-guide.pdf","official college publication",,,"High school vocational education","Culinary arts teacher","k12_education","paid employment","Bellanca wrote that early in her career she taught culinary arts to high-school students.","low"
"Rose B. Bellanca","President","Washtenaw Community College","https://www.govinfo.gov/content/pkg/CREC-2001-12-04/pdf/CREC-2001-12-04-pt1-PgE2196-4.pdf","Congressional Record","1982",,"Chippewa Valley School District / Macomb County","Director of Vocational-Technical Education","k12_education","paid employment","Record says that nine years after starting teaching in 1973 she became the first woman in this role.","low"
"Rose B. Bellanca","President","Washtenaw Community College","https://www.govinfo.gov/content/pkg/CREC-2001-12-04/pdf/CREC-2001-12-04-pt1-PgE2196-4.pdf","Congressional Record",,,"Macomb Community College","Assistant to President; Interim Vice President; Vice President; Provost","academic_administration","paid employment","Progression summarized in Congressional Record.","low"
"Rose B. Bellanca","President","Washtenaw Community College","https://www.wccnet.edu/about/president/rose-bellanca.php","official college biography",,,"Northwood University, West Palm Beach Campus","President","academic_administration","paid employment","","low"
"Rose B. Bellanca","President","Washtenaw Community College","https://www.wccnet.edu/about/president/rose-bellanca.php","official college biography",,,"St. Clair County Community College","President","academic_administration","paid employment","","low"
"Rose B. Bellanca","President","Washtenaw Community College","https://www.wccnet.edu/about/archives/presidents.php","official college archive","2011",,"Washtenaw Community College","President","academic_administration","paid employment","","low"
