mode	checkpoint	prompt	layer	pair	kind	mean_logp	boundary_agrees
frozen-final	step512	bme_original	0	1	school	-8.236307144165039	True
frozen-final	step512	bme_original	0	1	check	-8.453817367553711	True
frozen-final	step512	bme_original	0	2	school	-7.277050018310547	True
frozen-final	step512	bme_original	0	2	check	-7.583235740661621	True
frozen-final	step512	bme_original	0	3	school	-8.579310417175293	True
frozen-final	step512	bme_original	0	3	check	-7.633463382720947	True
frozen-final	step512	bme_original	1	1	school	-10.405679702758789	True
frozen-final	step512	bme_original	1	1	check	-10.921427726745605	True
frozen-final	step512	bme_original	1	2	school	-9.702707290649414	True
frozen-final	step512	bme_original	1	2	check	-9.81013298034668	True
frozen-final	step512	bme_original	1	3	school	-11.40782642364502	True
frozen-final	step512	bme_original	1	3	check	-10.028571128845215	True
frozen-final	step512	bme_original	2	1	school	-8.681375503540039	True
frozen-final	step512	bme_original	2	1	check	-8.813974380493164	True
frozen-final	step512	bme_original	2	2	school	-8.461518287658691	True
frozen-final	step512	bme_original	2	2	check	-8.244826316833496	True
frozen-final	step512	bme_original	2	3	school	-9.679179191589355	True
frozen-final	step512	bme_original	2	3	check	-8.286675453186035	True
frozen-final	step512	bme_original	3	1	school	-8.004634857177734	True
frozen-final	step512	bme_original	3	1	check	-9.000185012817383	True
frozen-final	step512	bme_original	3	2	school	-8.122997283935547	True
frozen-final	step512	bme_original	3	2	check	-8.050247192382812	True
frozen-final	step512	bme_original	3	3	school	-9.829259872436523	True
frozen-final	step512	bme_original	3	3	check	-8.213315963745117	True
frozen-final	step512	bme_original	4	1	school	-8.200724601745605	True
frozen-final	step512	bme_original	4	1	check	-9.093703269958496	True
frozen-final	step512	bme_original	4	2	school	-7.70065450668335	True
frozen-final	step512	bme_original	4	2	check	-7.4824934005737305	True
frozen-final	step512	bme_original	4	3	school	-9.676709175109863	True
frozen-final	step512	bme_original	4	3	check	-7.809250354766846	True
frozen-final	step512	bme_original	5	1	school	-8.502302169799805	True
frozen-final	step512	bme_original	5	1	check	-9.2379732131958	True
frozen-final	step512	bme_original	5	2	school	-7.338613986968994	True
frozen-final	step512	bme_original	5	2	check	-7.630417823791504	True
frozen-final	step512	bme_original	5	3	school	-9.936291694641113	True
frozen-final	step512	bme_original	5	3	check	-8.17766284942627	True
frozen-final	step512	bme_original	6	1	school	-8.761571884155273	True
frozen-final	step512	bme_original	6	1	check	-9.03726863861084	True
frozen-final	step512	bme_original	6	2	school	-7.505138397216797	True
frozen-final	step512	bme_original	6	2	check	-7.798576354980469	True
frozen-final	step512	bme_original	6	3	school	-9.769036293029785	True
frozen-final	step512	bme_original	6	3	check	-7.738707065582275	True
frozen-final	step512	bme_original	7	1	school	-9.43161392211914	True
frozen-final	step512	bme_original	7	1	check	-9.788383483886719	True
frozen-final	step512	bme_original	7	2	school	-7.8478779792785645	True
frozen-final	step512	bme_original	7	2	check	-8.336790084838867	True
frozen-final	step512	bme_original	7	3	school	-10.158090591430664	True
frozen-final	step512	bme_original	7	3	check	-8.14088249206543	True
frozen-final	step512	bme_original	8	1	school	-9.552209854125977	True
frozen-final	step512	bme_original	8	1	check	-9.534486770629883	True
frozen-final	step512	bme_original	8	2	school	-7.775929927825928	True
frozen-final	step512	bme_original	8	2	check	-8.297119140625	True
frozen-final	step512	bme_original	8	3	school	-9.933140754699707	True
frozen-final	step512	bme_original	8	3	check	-8.227041244506836	True
frozen-final	step512	bme_original	9	1	school	-9.655521392822266	True
frozen-final	step512	bme_original	9	1	check	-9.876405715942383	True
frozen-final	step512	bme_original	9	2	school	-8.492683410644531	True
frozen-final	step512	bme_original	9	2	check	-8.952895164489746	True
frozen-final	step512	bme_original	9	3	school	-10.2533540725708	True
frozen-final	step512	bme_original	9	3	check	-8.644775390625	True
frozen-final	step512	bme_original	10	1	school	-9.557876586914062	True
frozen-final	step512	bme_original	10	1	check	-9.764132499694824	True
frozen-final	step512	bme_original	10	2	school	-8.93941879272461	True
frozen-final	step512	bme_original	10	2	check	-9.353114128112793	True
frozen-final	step512	bme_original	10	3	school	-10.367232322692871	True
frozen-final	step512	bme_original	10	3	check	-8.650944709777832	True
frozen-final	step512	bme_original	11	1	school	-9.251531600952148	True
frozen-final	step512	bme_original	11	1	check	-9.323862075805664	True
frozen-final	step512	bme_original	11	2	school	-8.9505033493042	True
frozen-final	step512	bme_original	11	2	check	-9.15734577178955	True
frozen-final	step512	bme_original	11	3	school	-10.140292167663574	True
frozen-final	step512	bme_original	11	3	check	-8.776187896728516	True
frozen-final	step512	bme_original	12	1	school	-9.485099792480469	True
frozen-final	step512	bme_original	12	1	check	-9.683977127075195	True
frozen-final	step512	bme_original	12	2	school	-9.01295280456543	True
frozen-final	step512	bme_original	12	2	check	-9.295259475708008	True
frozen-final	step512	bme_original	12	3	school	-10.475337028503418	True
frozen-final	step512	bme_original	12	3	check	-9.249650001525879	True
frozen-final	step512	bme_original	13	1	school	-9.418675422668457	True
frozen-final	step512	bme_original	13	1	check	-9.378294944763184	True
frozen-final	step512	bme_original	13	2	school	-9.128462791442871	True
frozen-final	step512	bme_original	13	2	check	-9.235889434814453	True
frozen-final	step512	bme_original	13	3	school	-10.540728569030762	True
frozen-final	step512	bme_original	13	3	check	-9.228338241577148	True
frozen-final	step512	bme_original	14	1	school	-9.419486999511719	True
frozen-final	step512	bme_original	14	1	check	-9.136723518371582	True
frozen-final	step512	bme_original	14	2	school	-9.103646278381348	True
frozen-final	step512	bme_original	14	2	check	-9.146333694458008	True
frozen-final	step512	bme_original	14	3	school	-10.879202842712402	True
frozen-final	step512	bme_original	14	3	check	-9.503952026367188	True
frozen-final	step512	bme_original	15	1	school	-9.043150901794434	True
frozen-final	step512	bme_original	15	1	check	-8.838635444641113	True
frozen-final	step512	bme_original	15	2	school	-9.074767112731934	True
frozen-final	step512	bme_original	15	2	check	-8.962151527404785	True
frozen-final	step512	bme_original	15	3	school	-10.662175178527832	True
frozen-final	step512	bme_original	15	3	check	-9.346453666687012	True
frozen-final	step512	bme_original	16	1	school	-8.728511810302734	True
frozen-final	step512	bme_original	16	1	check	-8.615100860595703	True
frozen-final	step512	bme_original	16	2	school	-9.06863784790039	True
frozen-final	step512	bme_original	16	2	check	-8.978841781616211	True
frozen-final	step512	bme_original	16	3	school	-10.447394371032715	True
frozen-final	step512	bme_original	16	3	check	-9.212235450744629	True
frozen-final	step512	bme_original	17	1	school	-8.770905494689941	True
frozen-final	step512	bme_original	17	1	check	-8.863968849182129	True
frozen-final	step512	bme_original	17	2	school	-9.2003173828125	True
frozen-final	step512	bme_original	17	2	check	-9.089874267578125	True
frozen-final	step512	bme_original	17	3	school	-10.726241111755371	True
frozen-final	step512	bme_original	17	3	check	-9.636334419250488	True
frozen-final	step512	bme_original	18	1	school	-8.821846961975098	True
frozen-final	step512	bme_original	18	1	check	-9.112009048461914	True
frozen-final	step512	bme_original	18	2	school	-9.4220552444458	True
frozen-final	step512	bme_original	18	2	check	-9.20595645904541	True
frozen-final	step512	bme_original	18	3	school	-10.747696876525879	True
frozen-final	step512	bme_original	18	3	check	-9.832202911376953	True
frozen-final	step512	bme_original	19	1	school	-9.044879913330078	True
frozen-final	step512	bme_original	19	1	check	-9.517966270446777	True
frozen-final	step512	bme_original	19	2	school	-9.927891731262207	True
frozen-final	step512	bme_original	19	2	check	-9.866031646728516	True
frozen-final	step512	bme_original	19	3	school	-11.328536987304688	True
frozen-final	step512	bme_original	19	3	check	-10.014463424682617	True
frozen-final	step512	bme_original	20	1	school	-9.353086471557617	True
frozen-final	step512	bme_original	20	1	check	-9.995487213134766	True
frozen-final	step512	bme_original	20	2	school	-9.787042617797852	True
frozen-final	step512	bme_original	20	2	check	-9.941461563110352	True
frozen-final	step512	bme_original	20	3	school	-11.352278709411621	True
frozen-final	step512	bme_original	20	3	check	-9.510885238647461	True
frozen-final	step512	bme_original	21	1	school	-9.128500938415527	True
frozen-final	step512	bme_original	21	1	check	-10.156546592712402	True
frozen-final	step512	bme_original	21	2	school	-9.674674987792969	True
frozen-final	step512	bme_original	21	2	check	-9.88962459564209	True
frozen-final	step512	bme_original	21	3	school	-11.192394256591797	True
frozen-final	step512	bme_original	21	3	check	-9.620882034301758	True
frozen-final	step512	bme_original	22	1	school	-8.93149185180664	True
frozen-final	step512	bme_original	22	1	check	-9.884453773498535	True
frozen-final	step512	bme_original	22	2	school	-9.43055248260498	True
frozen-final	step512	bme_original	22	2	check	-9.68851089477539	True
frozen-final	step512	bme_original	22	3	school	-10.830639839172363	True
frozen-final	step512	bme_original	22	3	check	-9.157268524169922	True
frozen-final	step512	bme_original	23	1	school	-9.341808319091797	True
frozen-final	step512	bme_original	23	1	check	-10.317789077758789	True
frozen-final	step512	bme_original	23	2	school	-10.04696273803711	True
frozen-final	step512	bme_original	23	2	check	-10.256338119506836	True
frozen-final	step512	bme_original	23	3	school	-11.44555377960205	True
frozen-final	step512	bme_original	23	3	check	-9.38063907623291	True
frozen-final	step512	bme_original	model	1	school	-5.39505672454834	True
frozen-final	step512	bme_original	model	1	check	-5.613876819610596	True
frozen-final	step512	bme_original	model	2	school	-4.679703712463379	True
frozen-final	step512	bme_original	model	2	check	-5.03230619430542	True
frozen-final	step512	bme_original	model	3	school	-6.416722774505615	True
frozen-final	step512	bme_original	model	3	check	-5.4550042152404785	True
frozen-final	step512	bme_heldout	0	1	school	-8.236307144165039	True
frozen-final	step512	bme_heldout	0	1	check	-8.453817367553711	True
frozen-final	step512	bme_heldout	0	2	school	-7.277050018310547	True
frozen-final	step512	bme_heldout	0	2	check	-7.583235740661621	True
frozen-final	step512	bme_heldout	0	3	school	-8.579310417175293	True
frozen-final	step512	bme_heldout	0	3	check	-7.633463382720947	True
frozen-final	step512	bme_heldout	1	1	school	-10.522844314575195	True
frozen-final	step512	bme_heldout	1	1	check	-11.001934051513672	True
frozen-final	step512	bme_heldout	1	2	school	-9.74840259552002	True
frozen-final	step512	bme_heldout	1	2	check	-9.879857063293457	True
frozen-final	step512	bme_heldout	1	3	school	-11.474751472473145	True
frozen-final	step512	bme_heldout	1	3	check	-10.113696098327637	True
frozen-final	step512	bme_heldout	2	1	school	-8.757781982421875	True
frozen-final	step512	bme_heldout	2	1	check	-8.899927139282227	True
frozen-final	step512	bme_heldout	2	2	school	-8.451123237609863	True
frozen-final	step512	bme_heldout	2	2	check	-8.270719528198242	True
frozen-final	step512	bme_heldout	2	3	school	-9.636421203613281	True
frozen-final	step512	bme_heldout	2	3	check	-8.334186553955078	True
frozen-final	step512	bme_heldout	3	1	school	-8.075870513916016	True
frozen-final	step512	bme_heldout	3	1	check	-9.084202766418457	True
frozen-final	step512	bme_heldout	3	2	school	-8.204265594482422	True
frozen-final	step512	bme_heldout	3	2	check	-8.126787185668945	True
frozen-final	step512	bme_heldout	3	3	school	-9.862462043762207	True
frozen-final	step512	bme_heldout	3	3	check	-8.287215232849121	True
frozen-final	step512	bme_heldout	4	1	school	-8.216469764709473	True
frozen-final	step512	bme_heldout	4	1	check	-9.141297340393066	True
frozen-final	step512	bme_heldout	4	2	school	-7.785933017730713	True
frozen-final	step512	bme_heldout	4	2	check	-7.536245346069336	True
frozen-final	step512	bme_heldout	4	3	school	-9.681060791015625	True
frozen-final	step512	bme_heldout	4	3	check	-7.879286766052246	True
frozen-final	step512	bme_heldout	5	1	school	-8.589448928833008	True
frozen-final	step512	bme_heldout	5	1	check	-9.335293769836426	True
frozen-final	step512	bme_heldout	5	2	school	-7.4684834480285645	True
frozen-final	step512	bme_heldout	5	2	check	-7.726521968841553	True
frozen-final	step512	bme_heldout	5	3	school	-10.034368515014648	True
frozen-final	step512	bme_heldout	5	3	check	-8.27259349822998	True
frozen-final	step512	bme_heldout	6	1	school	-8.812532424926758	True
frozen-final	step512	bme_heldout	6	1	check	-9.087383270263672	True
frozen-final	step512	bme_heldout	6	2	school	-7.612472057342529	True
frozen-final	step512	bme_heldout	6	2	check	-7.851290225982666	True
frozen-final	step512	bme_heldout	6	3	school	-9.855624198913574	True
frozen-final	step512	bme_heldout	6	3	check	-7.7849016189575195	True
frozen-final	step512	bme_heldout	7	1	school	-9.454222679138184	True
frozen-final	step512	bme_heldout	7	1	check	-9.831178665161133	True
frozen-final	step512	bme_heldout	7	2	school	-7.973870754241943	True
frozen-final	step512	bme_heldout	7	2	check	-8.422493934631348	True
frozen-final	step512	bme_heldout	7	3	school	-10.274430274963379	True
frozen-final	step512	bme_heldout	7	3	check	-8.198198318481445	True
frozen-final	step512	bme_heldout	8	1	school	-9.579030990600586	True
frozen-final	step512	bme_heldout	8	1	check	-9.546976089477539	True
frozen-final	step512	bme_heldout	8	2	school	-7.912628173828125	True
frozen-final	step512	bme_heldout	8	2	check	-8.399744033813477	True
frozen-final	step512	bme_heldout	8	3	school	-10.029765129089355	True
frozen-final	step512	bme_heldout	8	3	check	-8.311552047729492	True
frozen-final	step512	bme_heldout	9	1	school	-9.696769714355469	True
frozen-final	step512	bme_heldout	9	1	check	-9.876840591430664	True
frozen-final	step512	bme_heldout	9	2	school	-8.652934074401855	True
frozen-final	step512	bme_heldout	9	2	check	-9.066112518310547	True
frozen-final	step512	bme_heldout	9	3	school	-10.377034187316895	True
frozen-final	step512	bme_heldout	9	3	check	-8.738633155822754	True
frozen-final	step512	bme_heldout	10	1	school	-9.627716064453125	True
frozen-final	step512	bme_heldout	10	1	check	-9.768172264099121	True
frozen-final	step512	bme_heldout	10	2	school	-9.127127647399902	True
frozen-final	step512	bme_heldout	10	2	check	-9.487347602844238	True
frozen-final	step512	bme_heldout	10	3	school	-10.496541023254395	True
frozen-final	step512	bme_heldout	10	3	check	-8.760449409484863	True
frozen-final	step512	bme_heldout	11	1	school	-9.347566604614258	True
frozen-final	step512	bme_heldout	11	1	check	-9.351639747619629	True
frozen-final	step512	bme_heldout	11	2	school	-9.179583549499512	True
frozen-final	step512	bme_heldout	11	2	check	-9.338876724243164	True
frozen-final	step512	bme_heldout	11	3	school	-10.230058670043945	True
frozen-final	step512	bme_heldout	11	3	check	-8.86331844329834	True
frozen-final	step512	bme_heldout	12	1	school	-9.572439193725586	True
frozen-final	step512	bme_heldout	12	1	check	-9.70172119140625	True
frozen-final	step512	bme_heldout	12	2	school	-9.21106243133545	True
frozen-final	step512	bme_heldout	12	2	check	-9.454853057861328	True
frozen-final	step512	bme_heldout	12	3	school	-10.49368667602539	True
frozen-final	step512	bme_heldout	12	3	check	-9.29962158203125	True
frozen-final	step512	bme_heldout	13	1	school	-9.478458404541016	True
frozen-final	step512	bme_heldout	13	1	check	-9.376590728759766	True
frozen-final	step512	bme_heldout	13	2	school	-9.30601692199707	True
frozen-final	step512	bme_heldout	13	2	check	-9.398444175720215	True
frozen-final	step512	bme_heldout	13	3	school	-10.554780006408691	True
frozen-final	step512	bme_heldout	13	3	check	-9.284817695617676	True
frozen-final	step512	bme_heldout	14	1	school	-9.484243392944336	True
frozen-final	step512	bme_heldout	14	1	check	-9.146749496459961	True
frozen-final	step512	bme_heldout	14	2	school	-9.268082618713379	True
frozen-final	step512	bme_heldout	14	2	check	-9.30147933959961	True
frozen-final	step512	bme_heldout	14	3	school	-10.855973243713379	True
frozen-final	step512	bme_heldout	14	3	check	-9.572698593139648	True
frozen-final	step512	bme_heldout	15	1	school	-9.11329460144043	True
frozen-final	step512	bme_heldout	15	1	check	-8.840295791625977	True
frozen-final	step512	bme_heldout	15	2	school	-9.218977928161621	True
frozen-final	step512	bme_heldout	15	2	check	-9.108033180236816	True
frozen-final	step512	bme_heldout	15	3	school	-10.645905494689941	True
frozen-final	step512	bme_heldout	15	3	check	-9.414262771606445	True
frozen-final	step512	bme_heldout	16	1	school	-8.85104751586914	True
frozen-final	step512	bme_heldout	16	1	check	-8.653853416442871	True
frozen-final	step512	bme_heldout	16	2	school	-9.219902992248535	True
frozen-final	step512	bme_heldout	16	2	check	-9.137300491333008	True
frozen-final	step512	bme_heldout	16	3	school	-10.474828720092773	True
frozen-final	step512	bme_heldout	16	3	check	-9.304999351501465	True
frozen-final	step512	bme_heldout	17	1	school	-8.886216163635254	True
frozen-final	step512	bme_heldout	17	1	check	-8.91763973236084	True
frozen-final	step512	bme_heldout	17	2	school	-9.372963905334473	True
frozen-final	step512	bme_heldout	17	2	check	-9.265392303466797	True
frozen-final	step512	bme_heldout	17	3	school	-10.766549110412598	True
frozen-final	step512	bme_heldout	17	3	check	-9.779949188232422	True
frozen-final	step512	bme_heldout	18	1	school	-8.947264671325684	True
frozen-final	step512	bme_heldout	18	1	check	-9.200325965881348	True
frozen-final	step512	bme_heldout	18	2	school	-9.593770027160645	True
frozen-final	step512	bme_heldout	18	2	check	-9.382217407226562	True
frozen-final	step512	bme_heldout	18	3	school	-10.784640312194824	True
frozen-final	step512	bme_heldout	18	3	check	-9.993993759155273	True
frozen-final	step512	bme_heldout	19	1	school	-9.211420059204102	True
frozen-final	step512	bme_heldout	19	1	check	-9.67935848236084	True
frozen-final	step512	bme_heldout	19	2	school	-10.147555351257324	True
frozen-final	step512	bme_heldout	19	2	check	-10.089160919189453	True
frozen-final	step512	bme_heldout	19	3	school	-11.400166511535645	True
frozen-final	step512	bme_heldout	19	3	check	-10.18278980255127	True
frozen-final	step512	bme_heldout	20	1	school	-9.515542030334473	True
frozen-final	step512	bme_heldout	20	1	check	-10.179155349731445	True
frozen-final	step512	bme_heldout	20	2	school	-10.01324462890625	True
frozen-final	step512	bme_heldout	20	2	check	-10.17282772064209	True
frozen-final	step512	bme_heldout	20	3	school	-11.437728881835938	True
frozen-final	step512	bme_heldout	20	3	check	-9.715710639953613	True
frozen-final	step512	bme_heldout	21	1	school	-9.311569213867188	True
frozen-final	step512	bme_heldout	21	1	check	-10.361795425415039	True
frozen-final	step512	bme_heldout	21	2	school	-9.949295997619629	True
frozen-final	step512	bme_heldout	21	2	check	-10.166558265686035	True
frozen-final	step512	bme_heldout	21	3	school	-11.305815696716309	True
frozen-final	step512	bme_heldout	21	3	check	-9.8280611038208	True
frozen-final	step512	bme_heldout	22	1	school	-9.147480010986328	True
frozen-final	step512	bme_heldout	22	1	check	-10.130582809448242	True
frozen-final	step512	bme_heldout	22	2	school	-9.772429466247559	True
frozen-final	step512	bme_heldout	22	2	check	-10.037151336669922	True
frozen-final	step512	bme_heldout	22	3	school	-10.97836685180664	True
frozen-final	step512	bme_heldout	22	3	check	-9.418825149536133	True
frozen-final	step512	bme_heldout	23	1	school	-9.562387466430664	True
frozen-final	step512	bme_heldout	23	1	check	-10.55792236328125	True
frozen-final	step512	bme_heldout	23	2	school	-10.409899711608887	True
frozen-final	step512	bme_heldout	23	2	check	-10.636468887329102	True
frozen-final	step512	bme_heldout	23	3	school	-11.593356132507324	True
frozen-final	step512	bme_heldout	23	3	check	-9.66487979888916	True
frozen-final	step512	bme_heldout	model	1	school	-5.418387413024902	True
frozen-final	step512	bme_heldout	model	1	check	-5.64548397064209	True
frozen-final	step512	bme_heldout	model	2	school	-4.7253546714782715	True
frozen-final	step512	bme_heldout	model	2	check	-5.078653335571289	True
frozen-final	step512	bme_heldout	model	3	school	-6.404712677001953	True
frozen-final	step512	bme_heldout	model	3	check	-5.469326496124268	True
frozen-final	step512	unrelated_school_question	0	1	school	-8.236307144165039	True
frozen-final	step512	unrelated_school_question	0	1	check	-8.453817367553711	True
frozen-final	step512	unrelated_school_question	0	2	school	-7.277050018310547	True
frozen-final	step512	unrelated_school_question	0	2	check	-7.583235740661621	True
frozen-final	step512	unrelated_school_question	0	3	school	-8.579310417175293	True
frozen-final	step512	unrelated_school_question	0	3	check	-7.633463382720947	True
frozen-final	step512	unrelated_school_question	1	1	school	-10.412776947021484	True
frozen-final	step512	unrelated_school_question	1	1	check	-10.937145233154297	True
frozen-final	step512	unrelated_school_question	1	2	school	-9.732293128967285	True
frozen-final	step512	unrelated_school_question	1	2	check	-9.85958480834961	True
frozen-final	step512	unrelated_school_question	1	3	school	-11.477962493896484	True
frozen-final	step512	unrelated_school_question	1	3	check	-10.052742958068848	True
frozen-final	step512	unrelated_school_question	2	1	school	-8.660002708435059	True
frozen-final	step512	unrelated_school_question	2	1	check	-8.790908813476562	True
frozen-final	step512	unrelated_school_question	2	2	school	-8.38314151763916	True
frozen-final	step512	unrelated_school_question	2	2	check	-8.18557071685791	True
frozen-final	step512	unrelated_school_question	2	3	school	-9.633654594421387	True
frozen-final	step512	unrelated_school_question	2	3	check	-8.258797645568848	True
frozen-final	step512	unrelated_school_question	3	1	school	-7.9581146240234375	True
frozen-final	step512	unrelated_school_question	3	1	check	-8.994063377380371	True
frozen-final	step512	unrelated_school_question	3	2	school	-8.07625961303711	True
frozen-final	step512	unrelated_school_question	3	2	check	-8.02379035949707	True
frozen-final	step512	unrelated_school_question	3	3	school	-9.843656539916992	True
frozen-final	step512	unrelated_school_question	3	3	check	-8.261872291564941	True
frozen-final	step512	unrelated_school_question	4	1	school	-8.20491886138916	True
frozen-final	step512	unrelated_school_question	4	1	check	-9.030633926391602	True
frozen-final	step512	unrelated_school_question	4	2	school	-7.664859294891357	True
frozen-final	step512	unrelated_school_question	4	2	check	-7.497894287109375	True
frozen-final	step512	unrelated_school_question	4	3	school	-9.796856880187988	True
frozen-final	step512	unrelated_school_question	4	3	check	-7.9302191734313965	True
frozen-final	step512	unrelated_school_question	5	1	school	-8.556787490844727	True
frozen-final	step512	unrelated_school_question	5	1	check	-9.243497848510742	True
frozen-final	step512	unrelated_school_question	5	2	school	-7.302536487579346	True
frozen-final	step512	unrelated_school_question	5	2	check	-7.627627372741699	True
frozen-final	step512	unrelated_school_question	5	3	school	-10.04440975189209	True
frozen-final	step512	unrelated_school_question	5	3	check	-8.302502632141113	True
frozen-final	step512	unrelated_school_question	6	1	school	-8.836847305297852	True
frozen-final	step512	unrelated_school_question	6	1	check	-9.036482810974121	True
frozen-final	step512	unrelated_school_question	6	2	school	-7.487854480743408	True
frozen-final	step512	unrelated_school_question	6	2	check	-7.808269023895264	True
frozen-final	step512	unrelated_school_question	6	3	school	-9.899031639099121	True
frozen-final	step512	unrelated_school_question	6	3	check	-7.870590686798096	True
frozen-final	step512	unrelated_school_question	7	1	school	-9.50893783569336	True
frozen-final	step512	unrelated_school_question	7	1	check	-9.796219825744629	True
frozen-final	step512	unrelated_school_question	7	2	school	-7.828872203826904	True
frozen-final	step512	unrelated_school_question	7	2	check	-8.345215797424316	True
frozen-final	step512	unrelated_school_question	7	3	school	-10.248112678527832	True
frozen-final	step512	unrelated_school_question	7	3	check	-8.256633758544922	True
frozen-final	step512	unrelated_school_question	8	1	school	-9.644102096557617	True
frozen-final	step512	unrelated_school_question	8	1	check	-9.584303855895996	True
frozen-final	step512	unrelated_school_question	8	2	school	-7.7682366371154785	True
frozen-final	step512	unrelated_school_question	8	2	check	-8.316118240356445	True
frozen-final	step512	unrelated_school_question	8	3	school	-10.073515892028809	True
frozen-final	step512	unrelated_school_question	8	3	check	-8.404691696166992	True
frozen-final	step512	unrelated_school_question	9	1	school	-9.71641731262207	True
frozen-final	step512	unrelated_school_question	9	1	check	-9.897823333740234	True
frozen-final	step512	unrelated_school_question	9	2	school	-8.485760688781738	True
frozen-final	step512	unrelated_school_question	9	2	check	-8.970671653747559	True
frozen-final	step512	unrelated_school_question	9	3	school	-10.378424644470215	True
frozen-final	step512	unrelated_school_question	9	3	check	-8.81017017364502	True
frozen-final	step512	unrelated_school_question	10	1	school	-9.584981918334961	True
frozen-final	step512	unrelated_school_question	10	1	check	-9.772141456604004	True
frozen-final	step512	unrelated_school_question	10	2	school	-8.867788314819336	True
frozen-final	step512	unrelated_school_question	10	2	check	-9.31063461303711	True
frozen-final	step512	unrelated_school_question	10	3	school	-10.441452026367188	True
frozen-final	step512	unrelated_school_question	10	3	check	-8.789542198181152	True
frozen-final	step512	unrelated_school_question	11	1	school	-9.275524139404297	True
frozen-final	step512	unrelated_school_question	11	1	check	-9.303679466247559	True
frozen-final	step512	unrelated_school_question	11	2	school	-8.857276916503906	True
frozen-final	step512	unrelated_school_question	11	2	check	-9.068798065185547	True
frozen-final	step512	unrelated_school_question	11	3	school	-10.26567268371582	True
frozen-final	step512	unrelated_school_question	11	3	check	-8.892340660095215	True
frozen-final	step512	unrelated_school_question	12	1	school	-9.523124694824219	True
frozen-final	step512	unrelated_school_question	12	1	check	-9.719087600708008	True
frozen-final	step512	unrelated_school_question	12	2	school	-8.934195518493652	True
frozen-final	step512	unrelated_school_question	12	2	check	-9.201761245727539	True
frozen-final	step512	unrelated_school_question	12	3	school	-10.646502494812012	True
frozen-final	step512	unrelated_school_question	12	3	check	-9.402045249938965	True
frozen-final	step512	unrelated_school_question	13	1	school	-9.478474617004395	True
frozen-final	step512	unrelated_school_question	13	1	check	-9.43002700805664	True
frozen-final	step512	unrelated_school_question	13	2	school	-9.012117385864258	True
frozen-final	step512	unrelated_school_question	13	2	check	-9.118997573852539	True
frozen-final	step512	unrelated_school_question	13	3	school	-10.71090030670166	True
frozen-final	step512	unrelated_school_question	13	3	check	-9.349577903747559	True
frozen-final	step512	unrelated_school_question	14	1	school	-9.47953987121582	True
frozen-final	step512	unrelated_school_question	14	1	check	-9.193867683410645	True
frozen-final	step512	unrelated_school_question	14	2	school	-8.989601135253906	True
frozen-final	step512	unrelated_school_question	14	2	check	-9.01945972442627	True
frozen-final	step512	unrelated_school_question	14	3	school	-11.014248847961426	True
frozen-final	step512	unrelated_school_question	14	3	check	-9.56202220916748	True
frozen-final	step512	unrelated_school_question	15	1	school	-9.134760856628418	True
frozen-final	step512	unrelated_school_question	15	1	check	-8.900629043579102	True
frozen-final	step512	unrelated_school_question	15	2	school	-8.9581937789917	True
frozen-final	step512	unrelated_school_question	15	2	check	-8.830489158630371	True
frozen-final	step512	unrelated_school_question	15	3	school	-10.776150703430176	True
frozen-final	step512	unrelated_school_question	15	3	check	-9.39037799835205	True
frozen-final	step512	unrelated_school_question	16	1	school	-8.867559432983398	True
frozen-final	step512	unrelated_school_question	16	1	check	-8.694798469543457	True
frozen-final	step512	unrelated_school_question	16	2	school	-9.001194953918457	True
frozen-final	step512	unrelated_school_question	16	2	check	-8.898208618164062	True
frozen-final	step512	unrelated_school_question	16	3	school	-10.575182914733887	True
frozen-final	step512	unrelated_school_question	16	3	check	-9.255328178405762	True
frozen-final	step512	unrelated_school_question	17	1	school	-8.899105072021484	True
frozen-final	step512	unrelated_school_question	17	1	check	-8.953475952148438	True
frozen-final	step512	unrelated_school_question	17	2	school	-9.16533088684082	True
frozen-final	step512	unrelated_school_question	17	2	check	-9.044767379760742	True
frozen-final	step512	unrelated_school_question	17	3	school	-10.858211517333984	True
frozen-final	step512	unrelated_school_question	17	3	check	-9.685810089111328	True
frozen-final	step512	unrelated_school_question	18	1	school	-8.949042320251465	True
frozen-final	step512	unrelated_school_question	18	1	check	-9.180685997009277	True
frozen-final	step512	unrelated_school_question	18	2	school	-9.3993558883667	True
frozen-final	step512	unrelated_school_question	18	2	check	-9.180954933166504	True
frozen-final	step512	unrelated_school_question	18	3	school	-10.85169506072998	True
frozen-final	step512	unrelated_school_question	18	3	check	-9.897613525390625	True
frozen-final	step512	unrelated_school_question	19	1	school	-9.191679000854492	True
frozen-final	step512	unrelated_school_question	19	1	check	-9.613516807556152	True
frozen-final	step512	unrelated_school_question	19	2	school	-9.901559829711914	True
frozen-final	step512	unrelated_school_question	19	2	check	-9.835062026977539	True
frozen-final	step512	unrelated_school_question	19	3	school	-11.403546333312988	True
frozen-final	step512	unrelated_school_question	19	3	check	-10.087714195251465	True
frozen-final	step512	unrelated_school_question	20	1	school	-9.546943664550781	True
frozen-final	step512	unrelated_school_question	20	1	check	-10.138534545898438	True
frozen-final	step512	unrelated_school_question	20	2	school	-9.722171783447266	True
frozen-final	step512	unrelated_school_question	20	2	check	-9.889497756958008	True
frozen-final	step512	unrelated_school_question	20	3	school	-11.473960876464844	True
frozen-final	step512	unrelated_school_question	20	3	check	-9.591497421264648	True
frozen-final	step512	unrelated_school_question	21	1	school	-9.344263076782227	True
frozen-final	step512	unrelated_school_question	21	1	check	-10.321709632873535	True
frozen-final	step512	unrelated_school_question	21	2	school	-9.655543327331543	True
frozen-final	step512	unrelated_school_question	21	2	check	-9.879311561584473	True
frozen-final	step512	unrelated_school_question	21	3	school	-11.300446510314941	True
frozen-final	step512	unrelated_school_question	21	3	check	-9.704020500183105	True
frozen-final	step512	unrelated_school_question	22	1	school	-9.177494049072266	True
frozen-final	step512	unrelated_school_question	22	1	check	-10.089452743530273	True
frozen-final	step512	unrelated_school_question	22	2	school	-9.41943359375	True
frozen-final	step512	unrelated_school_question	22	2	check	-9.697569847106934	True
frozen-final	step512	unrelated_school_question	22	3	school	-10.950272560119629	True
frozen-final	step512	unrelated_school_question	22	3	check	-9.241209983825684	True
frozen-final	step512	unrelated_school_question	23	1	school	-9.51620101928711	True
frozen-final	step512	unrelated_school_question	23	1	check	-10.478235244750977	True
frozen-final	step512	unrelated_school_question	23	2	school	-9.957510948181152	True
frozen-final	step512	unrelated_school_question	23	2	check	-10.205544471740723	True
frozen-final	step512	unrelated_school_question	23	3	school	-11.52708911895752	True
frozen-final	step512	unrelated_school_question	23	3	check	-9.421095848083496	True
frozen-final	step512	unrelated_school_question	model	1	school	-5.401805400848389	True
frozen-final	step512	unrelated_school_question	model	1	check	-5.603461742401123	True
frozen-final	step512	unrelated_school_question	model	2	school	-4.653640270233154	True
frozen-final	step512	unrelated_school_question	model	2	check	-4.990695476531982	True
frozen-final	step512	unrelated_school_question	model	3	school	-6.414003372192383	True
frozen-final	step512	unrelated_school_question	model	3	check	-5.437859058380127	True
frozen-final	step1000	bme_original	0	1	school	-8.240419387817383	True
frozen-final	step1000	bme_original	0	1	check	-8.348906517028809	True
frozen-final	step1000	bme_original	0	2	school	-7.294414520263672	True
frozen-final	step1000	bme_original	0	2	check	-7.572109699249268	True
frozen-final	step1000	bme_original	0	3	school	-8.556589126586914	True
frozen-final	step1000	bme_original	0	3	check	-7.648416996002197	True
frozen-final	step1000	bme_original	1	1	school	-9.85238265991211	True
frozen-final	step1000	bme_original	1	1	check	-10.413125991821289	True
frozen-final	step1000	bme_original	1	2	school	-9.105381965637207	True
frozen-final	step1000	bme_original	1	2	check	-9.238738059997559	True
frozen-final	step1000	bme_original	1	3	school	-10.490864753723145	True
frozen-final	step1000	bme_original	1	3	check	-9.207886695861816	True
frozen-final	step1000	bme_original	2	1	school	-8.353425979614258	True
frozen-final	step1000	bme_original	2	1	check	-9.293946266174316	True
frozen-final	step1000	bme_original	2	2	school	-8.158390998840332	True
frozen-final	step1000	bme_original	2	2	check	-8.19670295715332	True
frozen-final	step1000	bme_original	2	3	school	-9.267449378967285	True
frozen-final	step1000	bme_original	2	3	check	-7.7052717208862305	True
frozen-final	step1000	bme_original	3	1	school	-8.23953914642334	True
frozen-final	step1000	bme_original	3	1	check	-9.16332721710205	True
frozen-final	step1000	bme_original	3	2	school	-7.46072244644165	True
frozen-final	step1000	bme_original	3	2	check	-7.400019645690918	True
frozen-final	step1000	bme_original	3	3	school	-8.873135566711426	True
frozen-final	step1000	bme_original	3	3	check	-7.521890163421631	True
frozen-final	step1000	bme_original	4	1	school	-8.293970108032227	True
frozen-final	step1000	bme_original	4	1	check	-8.558625221252441	True
frozen-final	step1000	bme_original	4	2	school	-6.438032627105713	True
frozen-final	step1000	bme_original	4	2	check	-6.140008926391602	True
frozen-final	step1000	bme_original	4	3	school	-8.868252754211426	True
frozen-final	step1000	bme_original	4	3	check	-7.110334396362305	True
frozen-final	step1000	bme_original	5	1	school	-8.345183372497559	True
frozen-final	step1000	bme_original	5	1	check	-8.352100372314453	True
frozen-final	step1000	bme_original	5	2	school	-6.430412769317627	True
frozen-final	step1000	bme_original	5	2	check	-6.3152289390563965	True
frozen-final	step1000	bme_original	5	3	school	-8.767848014831543	True
frozen-final	step1000	bme_original	5	3	check	-6.956761837005615	True
frozen-final	step1000	bme_original	6	1	school	-7.589488506317139	True
frozen-final	step1000	bme_original	6	1	check	-8.187605857849121	True
frozen-final	step1000	bme_original	6	2	school	-5.959654331207275	True
frozen-final	step1000	bme_original	6	2	check	-6.020417213439941	True
frozen-final	step1000	bme_original	6	3	school	-8.307758331298828	True
frozen-final	step1000	bme_original	6	3	check	-6.80778694152832	True
frozen-final	step1000	bme_original	7	1	school	-7.890595436096191	True
frozen-final	step1000	bme_original	7	1	check	-8.415839195251465	True
frozen-final	step1000	bme_original	7	2	school	-5.912946701049805	True
frozen-final	step1000	bme_original	7	2	check	-6.09881591796875	True
frozen-final	step1000	bme_original	7	3	school	-8.242121696472168	True
frozen-final	step1000	bme_original	7	3	check	-6.683681011199951	True
frozen-final	step1000	bme_original	8	1	school	-7.416888236999512	True
frozen-final	step1000	bme_original	8	1	check	-7.792356014251709	True
frozen-final	step1000	bme_original	8	2	school	-5.735914707183838	True
frozen-final	step1000	bme_original	8	2	check	-5.866152286529541	True
frozen-final	step1000	bme_original	8	3	school	-8.054670333862305	True
frozen-final	step1000	bme_original	8	3	check	-6.699870586395264	True
frozen-final	step1000	bme_original	9	1	school	-7.217326641082764	True
frozen-final	step1000	bme_original	9	1	check	-7.654093265533447	True
frozen-final	step1000	bme_original	9	2	school	-5.73400354385376	True
frozen-final	step1000	bme_original	9	2	check	-5.705892086029053	True
frozen-final	step1000	bme_original	9	3	school	-7.8918304443359375	True
frozen-final	step1000	bme_original	9	3	check	-6.710436820983887	True
frozen-final	step1000	bme_original	10	1	school	-7.247745037078857	True
frozen-final	step1000	bme_original	10	1	check	-7.440170764923096	True
frozen-final	step1000	bme_original	10	2	school	-5.974889278411865	True
frozen-final	step1000	bme_original	10	2	check	-5.942162036895752	True
frozen-final	step1000	bme_original	10	3	school	-7.913274765014648	True
frozen-final	step1000	bme_original	10	3	check	-6.641726016998291	True
frozen-final	step1000	bme_original	11	1	school	-6.789547443389893	True
frozen-final	step1000	bme_original	11	1	check	-7.126615047454834	True
frozen-final	step1000	bme_original	11	2	school	-6.066352844238281	True
frozen-final	step1000	bme_original	11	2	check	-5.959531784057617	True
frozen-final	step1000	bme_original	11	3	school	-7.869302749633789	True
frozen-final	step1000	bme_original	11	3	check	-6.465541362762451	True
frozen-final	step1000	bme_original	12	1	school	-6.992710590362549	True
frozen-final	step1000	bme_original	12	1	check	-7.652276992797852	True
frozen-final	step1000	bme_original	12	2	school	-6.068576812744141	True
frozen-final	step1000	bme_original	12	2	check	-6.035939693450928	True
frozen-final	step1000	bme_original	12	3	school	-8.268306732177734	True
frozen-final	step1000	bme_original	12	3	check	-6.709162712097168	True
frozen-final	step1000	bme_original	13	1	school	-6.86942195892334	True
frozen-final	step1000	bme_original	13	1	check	-7.593135356903076	True
frozen-final	step1000	bme_original	13	2	school	-6.252078533172607	True
frozen-final	step1000	bme_original	13	2	check	-6.128382205963135	True
frozen-final	step1000	bme_original	13	3	school	-8.761176109313965	True
frozen-final	step1000	bme_original	13	3	check	-6.959118843078613	True
frozen-final	step1000	bme_original	14	1	school	-6.706785202026367	True
frozen-final	step1000	bme_original	14	1	check	-7.697844505310059	True
frozen-final	step1000	bme_original	14	2	school	-6.28793478012085	True
frozen-final	step1000	bme_original	14	2	check	-6.029322147369385	True
frozen-final	step1000	bme_original	14	3	school	-8.63255786895752	True
frozen-final	step1000	bme_original	14	3	check	-7.017014503479004	True
frozen-final	step1000	bme_original	15	1	school	-6.290685653686523	True
frozen-final	step1000	bme_original	15	1	check	-7.42079496383667	True
frozen-final	step1000	bme_original	15	2	school	-6.071466445922852	True
frozen-final	step1000	bme_original	15	2	check	-5.7031660079956055	True
frozen-final	step1000	bme_original	15	3	school	-8.121491432189941	True
frozen-final	step1000	bme_original	15	3	check	-6.835142612457275	True
frozen-final	step1000	bme_original	16	1	school	-5.977202892303467	True
frozen-final	step1000	bme_original	16	1	check	-7.190093994140625	True
frozen-final	step1000	bme_original	16	2	school	-5.919076442718506	True
frozen-final	step1000	bme_original	16	2	check	-5.565124988555908	True
frozen-final	step1000	bme_original	16	3	school	-7.9959259033203125	True
frozen-final	step1000	bme_original	16	3	check	-6.922691345214844	True
frozen-final	step1000	bme_original	17	1	school	-5.754670143127441	True
frozen-final	step1000	bme_original	17	1	check	-7.177546501159668	True
frozen-final	step1000	bme_original	17	2	school	-5.98540735244751	True
frozen-final	step1000	bme_original	17	2	check	-5.674197196960449	True
frozen-final	step1000	bme_original	17	3	school	-7.81517219543457	True
frozen-final	step1000	bme_original	17	3	check	-7.210179328918457	True
frozen-final	step1000	bme_original	18	1	school	-5.797924995422363	True
frozen-final	step1000	bme_original	18	1	check	-7.184546947479248	True
frozen-final	step1000	bme_original	18	2	school	-5.94545316696167	True
frozen-final	step1000	bme_original	18	2	check	-5.53349494934082	True
frozen-final	step1000	bme_original	18	3	school	-7.935533046722412	True
frozen-final	step1000	bme_original	18	3	check	-7.419952869415283	True
frozen-final	step1000	bme_original	19	1	school	-5.998189449310303	True
frozen-final	step1000	bme_original	19	1	check	-7.350362300872803	True
frozen-final	step1000	bme_original	19	2	school	-6.246368408203125	True
frozen-final	step1000	bme_original	19	2	check	-5.789198875427246	True
frozen-final	step1000	bme_original	19	3	school	-8.008281707763672	True
frozen-final	step1000	bme_original	19	3	check	-7.228891849517822	True
frozen-final	step1000	bme_original	20	1	school	-6.330544471740723	True
frozen-final	step1000	bme_original	20	1	check	-7.374445915222168	True
frozen-final	step1000	bme_original	20	2	school	-6.623216152191162	True
frozen-final	step1000	bme_original	20	2	check	-6.041274070739746	True
frozen-final	step1000	bme_original	20	3	school	-8.150875091552734	True
frozen-final	step1000	bme_original	20	3	check	-6.897457599639893	True
frozen-final	step1000	bme_original	21	1	school	-6.312201499938965	True
frozen-final	step1000	bme_original	21	1	check	-7.4414753913879395	True
frozen-final	step1000	bme_original	21	2	school	-6.628164291381836	True
frozen-final	step1000	bme_original	21	2	check	-6.023684024810791	True
frozen-final	step1000	bme_original	21	3	school	-8.10770320892334	True
frozen-final	step1000	bme_original	21	3	check	-6.993959426879883	True
frozen-final	step1000	bme_original	22	1	school	-6.188323497772217	True
frozen-final	step1000	bme_original	22	1	check	-7.141753196716309	True
frozen-final	step1000	bme_original	22	2	school	-6.399145603179932	True
frozen-final	step1000	bme_original	22	2	check	-5.7922258377075195	True
frozen-final	step1000	bme_original	22	3	school	-8.03446102142334	True
frozen-final	step1000	bme_original	22	3	check	-6.6625518798828125	True
frozen-final	step1000	bme_original	23	1	school	-6.735134601593018	True
frozen-final	step1000	bme_original	23	1	check	-7.718348503112793	True
frozen-final	step1000	bme_original	23	2	school	-7.12942361831665	True
frozen-final	step1000	bme_original	23	2	check	-6.417857646942139	True
frozen-final	step1000	bme_original	23	3	school	-8.940608024597168	True
frozen-final	step1000	bme_original	23	3	check	-7.045184135437012	True
frozen-final	step1000	bme_original	model	1	school	-3.866563081741333	True
frozen-final	step1000	bme_original	model	1	check	-4.734158039093018	True
frozen-final	step1000	bme_original	model	2	school	-3.726884126663208	True
frozen-final	step1000	bme_original	model	2	check	-3.9000437259674072	True
frozen-final	step1000	bme_original	model	3	school	-5.049299716949463	True
frozen-final	step1000	bme_original	model	3	check	-4.4735822677612305	True
frozen-final	step1000	bme_heldout	0	1	school	-8.240419387817383	True
frozen-final	step1000	bme_heldout	0	1	check	-8.348906517028809	True
frozen-final	step1000	bme_heldout	0	2	school	-7.294414520263672	True
frozen-final	step1000	bme_heldout	0	2	check	-7.572109699249268	True
frozen-final	step1000	bme_heldout	0	3	school	-8.556589126586914	True
frozen-final	step1000	bme_heldout	0	3	check	-7.648416996002197	True
frozen-final	step1000	bme_heldout	1	1	school	-9.805794715881348	True
frozen-final	step1000	bme_heldout	1	1	check	-10.34243392944336	True
frozen-final	step1000	bme_heldout	1	2	school	-9.057894706726074	True
frozen-final	step1000	bme_heldout	1	2	check	-9.184925079345703	True
frozen-final	step1000	bme_heldout	1	3	school	-10.430675506591797	True
frozen-final	step1000	bme_heldout	1	3	check	-9.1664400100708	True
frozen-final	step1000	bme_heldout	2	1	school	-8.359064102172852	True
frozen-final	step1000	bme_heldout	2	1	check	-9.280714988708496	True
frozen-final	step1000	bme_heldout	2	2	school	-8.121646881103516	True
frozen-final	step1000	bme_heldout	2	2	check	-8.168573379516602	True
frozen-final	step1000	bme_heldout	2	3	school	-9.256293296813965	True
frozen-final	step1000	bme_heldout	2	3	check	-7.704672336578369	True
frozen-final	step1000	bme_heldout	3	1	school	-8.225539207458496	True
frozen-final	step1000	bme_heldout	3	1	check	-9.12154483795166	True
frozen-final	step1000	bme_heldout	3	2	school	-7.40687370300293	True
frozen-final	step1000	bme_heldout	3	2	check	-7.330652236938477	True
frozen-final	step1000	bme_heldout	3	3	school	-8.827616691589355	True
frozen-final	step1000	bme_heldout	3	3	check	-7.492575168609619	True
frozen-final	step1000	bme_heldout	4	1	school	-8.312175750732422	True
frozen-final	step1000	bme_heldout	4	1	check	-8.587210655212402	True
frozen-final	step1000	bme_heldout	4	2	school	-6.464164733886719	True
frozen-final	step1000	bme_heldout	4	2	check	-6.160348892211914	True
frozen-final	step1000	bme_heldout	4	3	school	-8.90208625793457	True
frozen-final	step1000	bme_heldout	4	3	check	-7.119668960571289	True
frozen-final	step1000	bme_heldout	5	1	school	-8.355344772338867	True
frozen-final	step1000	bme_heldout	5	1	check	-8.34823989868164	True
frozen-final	step1000	bme_heldout	5	2	school	-6.437160968780518	True
frozen-final	step1000	bme_heldout	5	2	check	-6.319991588592529	True
frozen-final	step1000	bme_heldout	5	3	school	-8.794761657714844	True
frozen-final	step1000	bme_heldout	5	3	check	-6.9660491943359375	True
frozen-final	step1000	bme_heldout	6	1	school	-7.628683090209961	True
frozen-final	step1000	bme_heldout	6	1	check	-8.201982498168945	True
frozen-final	step1000	bme_heldout	6	2	school	-5.962629795074463	True
frozen-final	step1000	bme_heldout	6	2	check	-6.010876178741455	True
frozen-final	step1000	bme_heldout	6	3	school	-8.334092140197754	True
frozen-final	step1000	bme_heldout	6	3	check	-6.819859504699707	True
frozen-final	step1000	bme_heldout	7	1	school	-7.963315486907959	True
frozen-final	step1000	bme_heldout	7	1	check	-8.43289852142334	True
frozen-final	step1000	bme_heldout	7	2	school	-5.921792507171631	True
frozen-final	step1000	bme_heldout	7	2	check	-6.088943004608154	True
frozen-final	step1000	bme_heldout	7	3	school	-8.277090072631836	True
frozen-final	step1000	bme_heldout	7	3	check	-6.686776638031006	True
frozen-final	step1000	bme_heldout	8	1	school	-7.518584251403809	True
frozen-final	step1000	bme_heldout	8	1	check	-7.832278728485107	True
frozen-final	step1000	bme_heldout	8	2	school	-5.770779132843018	True
frozen-final	step1000	bme_heldout	8	2	check	-5.891295909881592	True
frozen-final	step1000	bme_heldout	8	3	school	-8.121060371398926	True
frozen-final	step1000	bme_heldout	8	3	check	-6.73546838760376	True
frozen-final	step1000	bme_heldout	9	1	school	-7.34877872467041	True
frozen-final	step1000	bme_heldout	9	1	check	-7.699291706085205	True
frozen-final	step1000	bme_heldout	9	2	school	-5.771708011627197	True
frozen-final	step1000	bme_heldout	9	2	check	-5.7417731285095215	True
frozen-final	step1000	bme_heldout	9	3	school	-8.001843452453613	True
frozen-final	step1000	bme_heldout	9	3	check	-6.774088382720947	True
frozen-final	step1000	bme_heldout	10	1	school	-7.387291431427002	True
frozen-final	step1000	bme_heldout	10	1	check	-7.496563911437988	True
frozen-final	step1000	bme_heldout	10	2	school	-6.000319957733154	True
frozen-final	step1000	bme_heldout	10	2	check	-5.965272903442383	True
frozen-final	step1000	bme_heldout	10	3	school	-7.946823596954346	True
frozen-final	step1000	bme_heldout	10	3	check	-6.673781394958496	True
frozen-final	step1000	bme_heldout	11	1	school	-6.915099620819092	True
frozen-final	step1000	bme_heldout	11	1	check	-7.190971851348877	True
frozen-final	step1000	bme_heldout	11	2	school	-6.108859539031982	True
frozen-final	step1000	bme_heldout	11	2	check	-5.99045991897583	True
frozen-final	step1000	bme_heldout	11	3	school	-7.856173992156982	True
frozen-final	step1000	bme_heldout	11	3	check	-6.486669063568115	True
frozen-final	step1000	bme_heldout	12	1	school	-7.091535568237305	True
frozen-final	step1000	bme_heldout	12	1	check	-7.663431167602539	True
frozen-final	step1000	bme_heldout	12	2	school	-6.0921454429626465	True
frozen-final	step1000	bme_heldout	12	2	check	-6.036575794219971	True
frozen-final	step1000	bme_heldout	12	3	school	-8.216987609863281	True
frozen-final	step1000	bme_heldout	12	3	check	-6.689911365509033	True
frozen-final	step1000	bme_heldout	13	1	school	-6.962965965270996	True
frozen-final	step1000	bme_heldout	13	1	check	-7.624080181121826	True
frozen-final	step1000	bme_heldout	13	2	school	-6.226228713989258	True
frozen-final	step1000	bme_heldout	13	2	check	-6.096577167510986	True
frozen-final	step1000	bme_heldout	13	3	school	-8.67497730255127	True
frozen-final	step1000	bme_heldout	13	3	check	-6.91920280456543	True
frozen-final	step1000	bme_heldout	14	1	school	-6.791308879852295	True
frozen-final	step1000	bme_heldout	14	1	check	-7.756977558135986	True
frozen-final	step1000	bme_heldout	14	2	school	-6.303976535797119	True
frozen-final	step1000	bme_heldout	14	2	check	-6.033361434936523	True
frozen-final	step1000	bme_heldout	14	3	school	-8.576604843139648	True
frozen-final	step1000	bme_heldout	14	3	check	-7.013189792633057	True
frozen-final	step1000	bme_heldout	15	1	school	-6.345001697540283	True
frozen-final	step1000	bme_heldout	15	1	check	-7.417538166046143	True
frozen-final	step1000	bme_heldout	15	2	school	-6.052951812744141	True
frozen-final	step1000	bme_heldout	15	2	check	-5.671626567840576	True
frozen-final	step1000	bme_heldout	15	3	school	-8.005395889282227	True
frozen-final	step1000	bme_heldout	15	3	check	-6.841399192810059	True
frozen-final	step1000	bme_heldout	16	1	school	-6.041749000549316	True
frozen-final	step1000	bme_heldout	16	1	check	-7.19326114654541	True
frozen-final	step1000	bme_heldout	16	2	school	-5.905368328094482	True
frozen-final	step1000	bme_heldout	16	2	check	-5.545393943786621	True
frozen-final	step1000	bme_heldout	16	3	school	-7.87895393371582	True
frozen-final	step1000	bme_heldout	16	3	check	-6.931784629821777	True
frozen-final	step1000	bme_heldout	17	1	school	-5.857825756072998	True
frozen-final	step1000	bme_heldout	17	1	check	-7.223162651062012	True
frozen-final	step1000	bme_heldout	17	2	school	-6.00885534286499	True
frozen-final	step1000	bme_heldout	17	2	check	-5.685473918914795	True
frozen-final	step1000	bme_heldout	17	3	school	-7.712805271148682	True
frozen-final	step1000	bme_heldout	17	3	check	-7.210605144500732	True
frozen-final	step1000	bme_heldout	18	1	school	-5.859433174133301	True
frozen-final	step1000	bme_heldout	18	1	check	-7.176320552825928	True
frozen-final	step1000	bme_heldout	18	2	school	-5.9229278564453125	True
frozen-final	step1000	bme_heldout	18	2	check	-5.508216857910156	True
frozen-final	step1000	bme_heldout	18	3	school	-7.798031330108643	True
frozen-final	step1000	bme_heldout	18	3	check	-7.372017860412598	True
frozen-final	step1000	bme_heldout	19	1	school	-6.026932716369629	True
frozen-final	step1000	bme_heldout	19	1	check	-7.31577730178833	True
frozen-final	step1000	bme_heldout	19	2	school	-6.220733642578125	True
frozen-final	step1000	bme_heldout	19	2	check	-5.770838260650635	True
frozen-final	step1000	bme_heldout	19	3	school	-7.908895015716553	True
frozen-final	step1000	bme_heldout	19	3	check	-7.201203346252441	True
frozen-final	step1000	bme_heldout	20	1	school	-6.320881366729736	True
frozen-final	step1000	bme_heldout	20	1	check	-7.334047794342041	True
frozen-final	step1000	bme_heldout	20	2	school	-6.585442066192627	True
frozen-final	step1000	bme_heldout	20	2	check	-6.011659622192383	True
frozen-final	step1000	bme_heldout	20	3	school	-8.026623725891113	True
frozen-final	step1000	bme_heldout	20	3	check	-6.8879804611206055	True
frozen-final	step1000	bme_heldout	21	1	school	-6.235651969909668	True
frozen-final	step1000	bme_heldout	21	1	check	-7.373265743255615	True
frozen-final	step1000	bme_heldout	21	2	school	-6.583804607391357	True
frozen-final	step1000	bme_heldout	21	2	check	-5.986124515533447	True
frozen-final	step1000	bme_heldout	21	3	school	-8.026973724365234	True
frozen-final	step1000	bme_heldout	21	3	check	-7.003931045532227	True
frozen-final	step1000	bme_heldout	22	1	school	-6.117682933807373	True
frozen-final	step1000	bme_heldout	22	1	check	-7.101213455200195	True
frozen-final	step1000	bme_heldout	22	2	school	-6.347967147827148	True
frozen-final	step1000	bme_heldout	22	2	check	-5.779987812042236	True
frozen-final	step1000	bme_heldout	22	3	school	-7.988441467285156	True
frozen-final	step1000	bme_heldout	22	3	check	-6.736159801483154	True
frozen-final	step1000	bme_heldout	23	1	school	-6.625951766967773	True
frozen-final	step1000	bme_heldout	23	1	check	-7.672673225402832	True
frozen-final	step1000	bme_heldout	23	2	school	-7.011146545410156	True
frozen-final	step1000	bme_heldout	23	2	check	-6.344650745391846	True
frozen-final	step1000	bme_heldout	23	3	school	-8.826586723327637	True
frozen-final	step1000	bme_heldout	23	3	check	-7.08758544921875	True
frozen-final	step1000	bme_heldout	model	1	school	-3.8707470893859863	True
frozen-final	step1000	bme_heldout	model	1	check	-4.732417106628418	True
frozen-final	step1000	bme_heldout	model	2	school	-3.758378744125366	True
frozen-final	step1000	bme_heldout	model	2	check	-3.9129366874694824	True
frozen-final	step1000	bme_heldout	model	3	school	-5.010507106781006	True
frozen-final	step1000	bme_heldout	model	3	check	-4.4769697189331055	True
frozen-final	step1000	unrelated_school_question	0	1	school	-8.240419387817383	True
frozen-final	step1000	unrelated_school_question	0	1	check	-8.348906517028809	True
frozen-final	step1000	unrelated_school_question	0	2	school	-7.294414520263672	True
frozen-final	step1000	unrelated_school_question	0	2	check	-7.572109699249268	True
frozen-final	step1000	unrelated_school_question	0	3	school	-8.556589126586914	True
frozen-final	step1000	unrelated_school_question	0	3	check	-7.648416996002197	True
frozen-final	step1000	unrelated_school_question	1	1	school	-9.932677268981934	True
frozen-final	step1000	unrelated_school_question	1	1	check	-10.520404815673828	True
frozen-final	step1000	unrelated_school_question	1	2	school	-9.116510391235352	True
frozen-final	step1000	unrelated_school_question	1	2	check	-9.268017768859863	True
frozen-final	step1000	unrelated_school_question	1	3	school	-10.58333683013916	True
frozen-final	step1000	unrelated_school_question	1	3	check	-9.204385757446289	True
frozen-final	step1000	unrelated_school_question	2	1	school	-8.354726791381836	True
frozen-final	step1000	unrelated_school_question	2	1	check	-9.295015335083008	True
frozen-final	step1000	unrelated_school_question	2	2	school	-8.105496406555176	True
frozen-final	step1000	unrelated_school_question	2	2	check	-8.166516304016113	True
frozen-final	step1000	unrelated_school_question	2	3	school	-9.310972213745117	True
frozen-final	step1000	unrelated_school_question	2	3	check	-7.661022663116455	True
frozen-final	step1000	unrelated_school_question	3	1	school	-8.215547561645508	True
frozen-final	step1000	unrelated_school_question	3	1	check	-9.152570724487305	True
frozen-final	step1000	unrelated_school_question	3	2	school	-7.43219518661499	True
frozen-final	step1000	unrelated_school_question	3	2	check	-7.375930309295654	True
frozen-final	step1000	unrelated_school_question	3	3	school	-8.887269020080566	True
frozen-final	step1000	unrelated_school_question	3	3	check	-7.4994964599609375	True
frozen-final	step1000	unrelated_school_question	4	1	school	-8.435518264770508	True
frozen-final	step1000	unrelated_school_question	4	1	check	-8.72727108001709	True
frozen-final	step1000	unrelated_school_question	4	2	school	-6.557018756866455	True
frozen-final	step1000	unrelated_school_question	4	2	check	-6.263030529022217	True
frozen-final	step1000	unrelated_school_question	4	3	school	-9.125906944274902	True
frozen-final	step1000	unrelated_school_question	4	3	check	-7.231217384338379	True
frozen-final	step1000	unrelated_school_question	5	1	school	-8.47694206237793	True
frozen-final	step1000	unrelated_school_question	5	1	check	-8.50847339630127	True
frozen-final	step1000	unrelated_school_question	5	2	school	-6.480163097381592	True
frozen-final	step1000	unrelated_school_question	5	2	check	-6.358981609344482	True
frozen-final	step1000	unrelated_school_question	5	3	school	-8.970120429992676	True
frozen-final	step1000	unrelated_school_question	5	3	check	-7.0917229652404785	True
frozen-final	step1000	unrelated_school_question	6	1	school	-7.756823539733887	True
frozen-final	step1000	unrelated_school_question	6	1	check	-8.31711196899414	True
frozen-final	step1000	unrelated_school_question	6	2	school	-6.113542079925537	True
frozen-final	step1000	unrelated_school_question	6	2	check	-6.16205358505249	True
frozen-final	step1000	unrelated_school_question	6	3	school	-8.4978666305542	True
frozen-final	step1000	unrelated_school_question	6	3	check	-6.927140235900879	True
frozen-final	step1000	unrelated_school_question	7	1	school	-7.965881824493408	True
frozen-final	step1000	unrelated_school_question	7	1	check	-8.450725555419922	True
frozen-final	step1000	unrelated_school_question	7	2	school	-6.030073642730713	True
frozen-final	step1000	unrelated_school_question	7	2	check	-6.197140216827393	True
frozen-final	step1000	unrelated_school_question	7	3	school	-8.392255783081055	True
frozen-final	step1000	unrelated_school_question	7	3	check	-6.761138439178467	True
frozen-final	step1000	unrelated_school_question	8	1	school	-7.5354485511779785	True
frozen-final	step1000	unrelated_school_question	8	1	check	-7.84966516494751	True
frozen-final	step1000	unrelated_school_question	8	2	school	-5.935641765594482	True
frozen-final	step1000	unrelated_school_question	8	2	check	-6.033397197723389	True
frozen-final	step1000	unrelated_school_question	8	3	school	-8.241032600402832	True
frozen-final	step1000	unrelated_school_question	8	3	check	-6.819769859313965	True
frozen-final	step1000	unrelated_school_question	9	1	school	-7.371852397918701	True
frozen-final	step1000	unrelated_school_question	9	1	check	-7.798584461212158	True
frozen-final	step1000	unrelated_school_question	9	2	school	-5.939060211181641	True
frozen-final	step1000	unrelated_school_question	9	2	check	-5.894182205200195	True
frozen-final	step1000	unrelated_school_question	9	3	school	-8.107339859008789	True
frozen-final	step1000	unrelated_school_question	9	3	check	-6.8790788650512695	True
frozen-final	step1000	unrelated_school_question	10	1	school	-7.363154888153076	True
frozen-final	step1000	unrelated_school_question	10	1	check	-7.5746870040893555	True
frozen-final	step1000	unrelated_school_question	10	2	school	-6.112721920013428	True
frozen-final	step1000	unrelated_school_question	10	2	check	-6.069908618927002	True
frozen-final	step1000	unrelated_school_question	10	3	school	-8.067559242248535	True
frozen-final	step1000	unrelated_school_question	10	3	check	-6.730356216430664	True
frozen-final	step1000	unrelated_school_question	11	1	school	-6.92089319229126	True
frozen-final	step1000	unrelated_school_question	11	1	check	-7.308196544647217	True
frozen-final	step1000	unrelated_school_question	11	2	school	-6.206105709075928	True
frozen-final	step1000	unrelated_school_question	11	2	check	-6.110722541809082	True
frozen-final	step1000	unrelated_school_question	11	3	school	-8.066872596740723	True
frozen-final	step1000	unrelated_school_question	11	3	check	-6.573171138763428	True
frozen-final	step1000	unrelated_school_question	12	1	school	-7.181356430053711	True
frozen-final	step1000	unrelated_school_question	12	1	check	-7.8530802726745605	True
frozen-final	step1000	unrelated_school_question	12	2	school	-6.398721694946289	True
frozen-final	step1000	unrelated_school_question	12	2	check	-6.385605335235596	True
frozen-final	step1000	unrelated_school_question	12	3	school	-8.559274673461914	True
frozen-final	step1000	unrelated_school_question	12	3	check	-6.917165756225586	True
frozen-final	step1000	unrelated_school_question	13	1	school	-7.113694190979004	True
frozen-final	step1000	unrelated_school_question	13	1	check	-7.816184997558594	True
frozen-final	step1000	unrelated_school_question	13	2	school	-6.719306945800781	True
frozen-final	step1000	unrelated_school_question	13	2	check	-6.628772258758545	True
frozen-final	step1000	unrelated_school_question	13	3	school	-9.165098190307617	True
frozen-final	step1000	unrelated_school_question	13	3	check	-7.243919849395752	True
frozen-final	step1000	unrelated_school_question	14	1	school	-7.020352363586426	True
frozen-final	step1000	unrelated_school_question	14	1	check	-7.97059965133667	True
frozen-final	step1000	unrelated_school_question	14	2	school	-6.857606410980225	True
frozen-final	step1000	unrelated_school_question	14	2	check	-6.659396648406982	True
frozen-final	step1000	unrelated_school_question	14	3	school	-9.113920211791992	True
frozen-final	step1000	unrelated_school_question	14	3	check	-7.32397985458374	True
frozen-final	step1000	unrelated_school_question	15	1	school	-6.667320251464844	True
frozen-final	step1000	unrelated_school_question	15	1	check	-7.743065357208252	True
frozen-final	step1000	unrelated_school_question	15	2	school	-6.727083206176758	True
frozen-final	step1000	unrelated_school_question	15	2	check	-6.387979984283447	True
frozen-final	step1000	unrelated_school_question	15	3	school	-8.706782341003418	True
frozen-final	step1000	unrelated_school_question	15	3	check	-7.181302070617676	True
frozen-final	step1000	unrelated_school_question	16	1	school	-6.415450572967529	True
frozen-final	step1000	unrelated_school_question	16	1	check	-7.511342525482178	True
frozen-final	step1000	unrelated_school_question	16	2	school	-6.605110168457031	True
frozen-final	step1000	unrelated_school_question	16	2	check	-6.249362468719482	True
frozen-final	step1000	unrelated_school_question	16	3	school	-8.657517433166504	True
frozen-final	step1000	unrelated_school_question	16	3	check	-7.216409683227539	True
frozen-final	step1000	unrelated_school_question	17	1	school	-6.333683967590332	True
frozen-final	step1000	unrelated_school_question	17	1	check	-7.58820104598999	True
frozen-final	step1000	unrelated_school_question	17	2	school	-6.619805812835693	True
frozen-final	step1000	unrelated_school_question	17	2	check	-6.345913410186768	True
frozen-final	step1000	unrelated_school_question	17	3	school	-8.408493995666504	True
frozen-final	step1000	unrelated_school_question	17	3	check	-7.528463840484619	True
frozen-final	step1000	unrelated_school_question	18	1	school	-6.396020889282227	True
frozen-final	step1000	unrelated_school_question	18	1	check	-7.57490873336792	True
frozen-final	step1000	unrelated_school_question	18	2	school	-6.555090427398682	True
frozen-final	step1000	unrelated_school_question	18	2	check	-6.185770034790039	True
frozen-final	step1000	unrelated_school_question	18	3	school	-8.562504768371582	True
frozen-final	step1000	unrelated_school_question	18	3	check	-7.675394535064697	True
frozen-final	step1000	unrelated_school_question	19	1	school	-6.6408257484436035	True
frozen-final	step1000	unrelated_school_question	19	1	check	-7.772403240203857	True
frozen-final	step1000	unrelated_school_question	19	2	school	-6.9959492683410645	True
frozen-final	step1000	unrelated_school_question	19	2	check	-6.5639142990112305	True
frozen-final	step1000	unrelated_school_question	19	3	school	-8.654461860656738	True
frozen-final	step1000	unrelated_school_question	19	3	check	-7.489385604858398	True
frozen-final	step1000	unrelated_school_question	20	1	school	-6.963498592376709	True
frozen-final	step1000	unrelated_school_question	20	1	check	-7.7973480224609375	True
frozen-final	step1000	unrelated_school_question	20	2	school	-7.262023448944092	True
frozen-final	step1000	unrelated_school_question	20	2	check	-6.710567951202393	True
frozen-final	step1000	unrelated_school_question	20	3	school	-8.755780220031738	True
frozen-final	step1000	unrelated_school_question	20	3	check	-7.144528388977051	True
frozen-final	step1000	unrelated_school_question	21	1	school	-6.925723075866699	True
frozen-final	step1000	unrelated_school_question	21	1	check	-7.905592918395996	True
frozen-final	step1000	unrelated_school_question	21	2	school	-7.25861930847168	True
frozen-final	step1000	unrelated_school_question	21	2	check	-6.682137489318848	True
frozen-final	step1000	unrelated_school_question	21	3	school	-8.774523735046387	True
frozen-final	step1000	unrelated_school_question	21	3	check	-7.30805778503418	True
frozen-final	step1000	unrelated_school_question	22	1	school	-6.8009490966796875	True
frozen-final	step1000	unrelated_school_question	22	1	check	-7.51769495010376	True
frozen-final	step1000	unrelated_school_question	22	2	school	-6.977456569671631	True
frozen-final	step1000	unrelated_school_question	22	2	check	-6.422266006469727	True
frozen-final	step1000	unrelated_school_question	22	3	school	-8.709172248840332	True
frozen-final	step1000	unrelated_school_question	22	3	check	-7.007739067077637	True
frozen-final	step1000	unrelated_school_question	23	1	school	-7.437618732452393	True
frozen-final	step1000	unrelated_school_question	23	1	check	-8.169349670410156	True
frozen-final	step1000	unrelated_school_question	23	2	school	-7.682403087615967	True
frozen-final	step1000	unrelated_school_question	23	2	check	-7.027066230773926	True
frozen-final	step1000	unrelated_school_question	23	3	school	-9.652295112609863	True
frozen-final	step1000	unrelated_school_question	23	3	check	-7.464803695678711	True
frozen-final	step1000	unrelated_school_question	model	1	school	-4.236999988555908	True
frozen-final	step1000	unrelated_school_question	model	1	check	-5.030263900756836	True
frozen-final	step1000	unrelated_school_question	model	2	school	-4.0975165367126465	True
frozen-final	step1000	unrelated_school_question	model	2	check	-4.256615161895752	True
frozen-final	step1000	unrelated_school_question	model	3	school	-5.477695941925049	True
frozen-final	step1000	unrelated_school_question	model	3	check	-4.7604660987854	True
