checkpoint	component	layer	prompt	pair	school_mean	check_mean	pair_margin	boundary_agrees
step512	mlp	0	bme_original	1	-5.80534128	-6.04061479	+0.23527351	True
step512	mlp	0	bme_original	2	-5.17183940	-5.48491023	+0.31307084	True
step512	mlp	0	bme_original	3	-6.90390523	-5.83769124	-1.06621399	True
step512	mlp	0	bme_heldout	1	-5.84775015	-6.09126164	+0.24351149	True
step512	mlp	0	bme_heldout	2	-5.23607445	-5.54872836	+0.31265391	True
step512	mlp	0	bme_heldout	3	-6.90636762	-5.87036540	-1.03600222	True
step512	mlp	1	bme_original	1	-5.38761022	-5.59923025	+0.21162004	True
step512	mlp	1	bme_original	2	-4.69434039	-5.04513491	+0.35079452	True
step512	mlp	1	bme_original	3	-6.40517171	-5.45010579	-0.95506592	True
step512	mlp	1	bme_heldout	1	-5.40358558	-5.62393423	+0.22034865	True
step512	mlp	1	bme_heldout	2	-4.73292828	-5.08372028	+0.35079200	True
step512	mlp	1	bme_heldout	3	-6.38826243	-5.46092529	-0.92733714	True
step512	mlp	2	bme_original	1	-5.41108351	-5.63044211	+0.21935859	True
step512	mlp	2	bme_original	2	-4.70690918	-5.05163692	+0.34472774	True
step512	mlp	2	bme_original	3	-6.40909894	-5.46331787	-0.94578107	True
step512	mlp	2	bme_heldout	1	-5.43505859	-5.66315930	+0.22810070	True
step512	mlp	2	bme_heldout	2	-4.75343863	-5.09916804	+0.34572941	True
step512	mlp	2	bme_heldout	3	-6.40136210	-5.48114115	-0.92022095	True
step512	mlp	3	bme_original	1	-5.38447571	-5.60210419	+0.21762848	True
step512	mlp	3	bme_original	2	-4.67429543	-5.02735079	+0.35305537	True
step512	mlp	3	bme_original	3	-6.39883359	-5.44117839	-0.95765521	True
step512	mlp	3	bme_heldout	1	-5.40686505	-5.63228607	+0.22542103	True
step512	mlp	3	bme_heldout	2	-4.71970749	-5.07322223	+0.35351474	True
step512	mlp	3	bme_heldout	3	-6.38500977	-5.45509389	-0.92991587	True
step512	mlp	4	bme_original	1	-5.39444322	-5.61090733	+0.21646412	True
step512	mlp	4	bme_original	2	-4.68700473	-5.03954198	+0.35253725	True
step512	mlp	4	bme_original	3	-6.40266037	-5.43781942	-0.96484095	True
step512	mlp	4	bme_heldout	1	-5.41902571	-5.64234161	+0.22331590	True
step512	mlp	4	bme_heldout	2	-4.73365434	-5.08637472	+0.35272038	True
step512	mlp	4	bme_heldout	3	-6.38859177	-5.45399017	-0.93460159	True
step512	mlp	5	bme_original	1	-5.37984173	-5.59714801	+0.21730628	True
step512	mlp	5	bme_original	2	-4.67591826	-5.02798873	+0.35207047	True
step512	mlp	5	bme_original	3	-6.41163762	-5.44265442	-0.96898321	True
step512	mlp	5	bme_heldout	1	-5.40321820	-5.62863277	+0.22541457	True
step512	mlp	5	bme_heldout	2	-4.72077560	-5.07404973	+0.35327413	True
step512	mlp	5	bme_heldout	3	-6.39859581	-5.45631460	-0.94228121	True
step512	mlp	6	bme_original	1	-5.37805645	-5.59552002	+0.21746357	True
step512	mlp	6	bme_original	2	-4.66017151	-5.01082963	+0.35065812	True
step512	mlp	6	bme_original	3	-6.39741643	-5.44395549	-0.95346095	True
step512	mlp	6	bme_heldout	1	-5.39907015	-5.62546246	+0.22639231	True
step512	mlp	6	bme_heldout	2	-4.70345942	-5.05507190	+0.35161248	True
step512	mlp	6	bme_heldout	3	-6.38326200	-5.45651143	-0.92675056	True
step512	mlp	7	bme_original	1	-5.39726844	-5.61378362	+0.21651517	True
step512	mlp	7	bme_original	2	-4.68401941	-5.03235920	+0.34833979	True
step512	mlp	7	bme_original	3	-6.42293294	-5.46321971	-0.95971324	True
step512	mlp	7	bme_heldout	1	-5.41860258	-5.64375129	+0.22514871	True
step512	mlp	7	bme_heldout	2	-4.72828770	-5.07754282	+0.34925512	True
step512	mlp	7	bme_heldout	3	-6.40870094	-5.47686310	-0.93183784	True
step512	mlp	12	bme_original	1	-5.39457937	-5.61309580	+0.21851642	True
step512	mlp	12	bme_original	2	-4.68040053	-5.03236096	+0.35196043	True
step512	mlp	12	bme_original	3	-6.41801262	-5.45606588	-0.96194674	True
step512	mlp	12	bme_heldout	1	-5.41666530	-5.64330233	+0.22663703	True
step512	mlp	12	bme_heldout	2	-4.72482649	-5.07758742	+0.35276093	True
step512	mlp	12	bme_heldout	3	-6.40450923	-5.46931915	-0.93519007	True
step512	mlp	23	bme_original	1	-5.41010695	-5.62892679	+0.21881984	True
step512	mlp	23	bme_original	2	-4.69600773	-5.04735683	+0.35134910	True
step512	mlp	23	bme_original	3	-6.43302600	-5.46804810	-0.96497790	True
step512	mlp	23	bme_heldout	1	-5.43403802	-5.66113516	+0.22709714	True
step512	mlp	23	bme_heldout	2	-4.74231052	-5.09430460	+0.35199407	True
step512	mlp	23	bme_heldout	3	-6.42166837	-5.48289032	-0.93877805	True
step512	attention	0	bme_original	1	-5.40310904	-5.61591398	+0.21280494	True
step512	attention	0	bme_original	2	-4.68683720	-5.04031666	+0.35347946	True
step512	attention	0	bme_original	3	-6.41264788	-5.45528056	-0.95736732	True
step512	attention	0	bme_heldout	1	-5.42000286	-5.64129052	+0.22128765	True
step512	attention	0	bme_heldout	2	-4.72619820	-5.08082405	+0.35462585	True
step512	attention	0	bme_heldout	3	-6.39529419	-5.46483053	-0.93046366	True
step512	attention	1	bme_original	1	-5.39854314	-5.61942350	+0.22088036	True
step512	attention	1	bme_original	2	-4.68429629	-5.03514803	+0.35085174	True
step512	attention	1	bme_original	3	-6.42512512	-5.45856984	-0.96655528	True
step512	attention	1	bme_heldout	1	-5.42036321	-5.64960714	+0.22924394	True
step512	attention	1	bme_heldout	2	-4.72886976	-5.08042497	+0.35155521	True
step512	attention	1	bme_heldout	3	-6.41203880	-5.47176208	-0.94027672	True
step512	attention	2	bme_original	1	-5.38148557	-5.60111119	+0.21962562	True
step512	attention	2	bme_original	2	-4.66273880	-5.01571831	+0.35297951	True
step512	attention	2	bme_original	3	-6.39987755	-5.44329274	-0.95658480	True
step512	attention	2	bme_heldout	1	-5.40428748	-5.63206541	+0.22777792	True
step512	attention	2	bme_heldout	2	-4.70768070	-5.06190256	+0.35422186	True
step512	attention	2	bme_heldout	3	-6.38779895	-5.45729930	-0.93049965	True
step512	attention	3	bme_original	1	-5.38367873	-5.60614131	+0.22246258	True
step512	attention	3	bme_original	2	-4.66505146	-5.01996319	+0.35491173	True
step512	attention	3	bme_original	3	-6.40653737	-5.44398549	-0.96255188	True
step512	attention	3	bme_heldout	1	-5.40690202	-5.63760317	+0.23070115	True
step512	attention	3	bme_heldout	2	-4.70910899	-5.06508050	+0.35597151	True
step512	attention	3	bme_heldout	3	-6.39478175	-5.45741577	-0.93736598	True
step512	attention	4	bme_original	1	-5.41078303	-5.63088344	+0.22010040	True
step512	attention	4	bme_original	2	-4.69917965	-5.05064862	+0.35146897	True
step512	attention	4	bme_original	3	-6.43370946	-5.46853027	-0.96517919	True
step512	attention	4	bme_heldout	1	-5.43211423	-5.66086168	+0.22874744	True
step512	attention	4	bme_heldout	2	-4.74248536	-5.09501296	+0.35252759	True
step512	attention	4	bme_heldout	3	-6.41808192	-5.48140310	-0.93667882	True
step512	attention	5	bme_original	1	-5.42088553	-5.63736490	+0.21647937	True
step512	attention	5	bme_original	2	-4.70202192	-5.05391576	+0.35189384	True
step512	attention	5	bme_original	3	-6.44284503	-5.47575378	-0.96709124	True
step512	attention	5	bme_heldout	1	-5.44192270	-5.66713304	+0.22521034	True
step512	attention	5	bme_heldout	2	-4.74574025	-5.09838163	+0.35264137	True
step512	attention	5	bme_heldout	3	-6.42846934	-5.48884939	-0.93961995	True
step512	attention	8	bme_original	1	-5.39636876	-5.61541161	+0.21904285	True
step512	attention	8	bme_original	2	-4.68067741	-5.03296720	+0.35228979	True
step512	attention	8	bme_original	3	-6.41870244	-5.45569763	-0.96300481	True
step512	attention	8	bme_heldout	1	-5.42011554	-5.64737173	+0.22725619	True
step512	attention	8	bme_heldout	2	-4.72683907	-5.07981814	+0.35297907	True
step512	attention	8	bme_heldout	3	-6.40701993	-5.47033590	-0.93668404	True
step512	attention	23	bme_original	1	-5.37679408	-5.59561392	+0.21881984	True
step512	attention	23	bme_original	2	-4.65991815	-5.01404395	+0.35412581	True
step512	attention	23	bme_original	3	-6.39693642	-5.43917643	-0.95775998	True
step512	attention	23	bme_heldout	1	-5.40167530	-5.62877244	+0.22709714	True
step512	attention	23	bme_heldout	2	-4.70725091	-5.06194188	+0.35469097	True
step512	attention	23	bme_heldout	3	-6.38660940	-5.45484263	-0.93176676	True
step1000	mlp	0	bme_original	1	-4.42172593	-5.11427248	+0.69254655	True
step1000	mlp	0	bme_original	2	-4.18364207	-4.22423876	+0.04059669	True
step1000	mlp	0	bme_original	3	-5.56773885	-4.82570953	-0.74202932	True
step1000	mlp	0	bme_heldout	1	-4.40450463	-5.07948010	+0.67497547	True
step1000	mlp	0	bme_heldout	2	-4.17032401	-4.21389389	+0.04356988	True
step1000	mlp	0	bme_heldout	3	-5.51650874	-4.80868785	-0.70782089	True
step1000	mlp	1	bme_original	1	-3.81275030	-4.67842572	+0.86567541	True
step1000	mlp	1	bme_original	2	-3.66989263	-3.84814688	+0.17825425	True
step1000	mlp	1	bme_original	3	-4.99904505	-4.42986450	-0.56918055	True
step1000	mlp	1	bme_heldout	1	-3.81383309	-4.67730009	+0.86346700	True
step1000	mlp	1	bme_heldout	2	-3.70148341	-3.86350925	+0.16202584	True
step1000	mlp	1	bme_heldout	3	-4.95942815	-4.43085887	-0.52856929	True
step1000	mlp	2	bme_original	1	-3.90264893	-4.74144569	+0.83879676	True
step1000	mlp	2	bme_original	2	-3.74612331	-3.90607981	+0.15995649	True
step1000	mlp	2	bme_original	3	-5.07537429	-4.49042104	-0.58495324	True
step1000	mlp	2	bme_heldout	1	-3.90385437	-4.73548068	+0.83162631	True
step1000	mlp	2	bme_heldout	2	-3.77884547	-3.91925108	+0.14040561	True
step1000	mlp	2	bme_heldout	3	-5.04137389	-4.49363251	-0.54774138	True
step1000	mlp	3	bme_original	1	-3.86046307	-4.74016160	+0.87969853	True
step1000	mlp	3	bme_original	2	-3.73809433	-3.90603990	+0.16794557	True
step1000	mlp	3	bme_original	3	-5.04796727	-4.47106527	-0.57690201	True
step1000	mlp	3	bme_heldout	1	-3.86967762	-4.74065751	+0.87097990	True
step1000	mlp	3	bme_heldout	2	-3.77198823	-3.91888017	+0.14689194	True
step1000	mlp	3	bme_heldout	3	-5.01220353	-4.47525279	-0.53695075	True
step1000	mlp	4	bme_original	1	-3.87847020	-4.73493195	+0.85646175	True
step1000	mlp	4	bme_original	2	-3.73733775	-3.90379920	+0.16646146	True
step1000	mlp	4	bme_original	3	-5.06495126	-4.48261668	-0.58233458	True
step1000	mlp	4	bme_heldout	1	-3.88396513	-4.73287788	+0.84891275	True
step1000	mlp	4	bme_heldout	2	-3.76983992	-3.91723574	+0.14739582	True
step1000	mlp	4	bme_heldout	3	-5.02703253	-4.48637797	-0.54065456	True
step1000	mlp	5	bme_original	1	-3.88072968	-4.73487678	+0.85414710	True
step1000	mlp	5	bme_original	2	-3.73982366	-3.90820753	+0.16838387	True
step1000	mlp	5	bme_original	3	-5.06121953	-4.47744293	-0.58377660	True
step1000	mlp	5	bme_heldout	1	-3.88664422	-4.73398179	+0.84733758	True
step1000	mlp	5	bme_heldout	2	-3.77338378	-3.92363651	+0.15025273	True
step1000	mlp	5	bme_heldout	3	-5.02333228	-4.48140157	-0.54193071	True
step1000	mlp	6	bme_original	1	-3.85905457	-4.73594372	+0.87688916	True
step1000	mlp	6	bme_original	2	-3.72927920	-3.90173193	+0.17245273	True
step1000	mlp	6	bme_original	3	-5.04053624	-4.46543884	-0.57509740	True
step1000	mlp	6	bme_heldout	1	-3.86416978	-4.73427112	+0.87010134	True
step1000	mlp	6	bme_heldout	2	-3.75964260	-3.91337321	+0.15373061	True
step1000	mlp	6	bme_heldout	3	-5.00267665	-4.46787465	-0.53480199	True
step1000	mlp	7	bme_original	1	-3.85644326	-4.73461063	+0.87816737	True
step1000	mlp	7	bme_original	2	-3.72364394	-3.90103590	+0.17739196	True
step1000	mlp	7	bme_original	3	-5.04019801	-4.46752523	-0.57267278	True
step1000	mlp	7	bme_heldout	1	-3.86035098	-4.73215044	+0.87179947	True
step1000	mlp	7	bme_heldout	2	-3.75403913	-3.91279984	+0.15876071	True
step1000	mlp	7	bme_heldout	3	-5.00107034	-4.46983795	-0.53123239	True
step1000	mlp	12	bme_original	1	-3.87646132	-4.74522576	+0.86876444	True
step1000	mlp	12	bme_original	2	-3.73597844	-3.90886630	+0.17288785	True
step1000	mlp	12	bme_original	3	-5.05764993	-4.48101552	-0.57663441	True
step1000	mlp	12	bme_heldout	1	-3.88009262	-4.74286593	+0.86277331	True
step1000	mlp	12	bme_heldout	2	-3.76728439	-3.92173327	+0.15444888	True
step1000	mlp	12	bme_heldout	3	-5.01817513	-4.48412272	-0.53405240	True
step1000	mlp	23	bme_original	1	-3.86684359	-4.73443897	+0.86759538	True
step1000	mlp	23	bme_original	2	-3.72718875	-3.90032548	+0.17313674	True
step1000	mlp	23	bme_original	3	-5.04960410	-4.47382609	-0.57577801	True
step1000	mlp	23	bme_heldout	1	-3.87333738	-4.73500765	+0.86167027	True
step1000	mlp	23	bme_heldout	2	-3.76118469	-3.91552822	+0.15434353	True
step1000	mlp	23	bme_heldout	3	-5.01331202	-4.47921600	-0.53409602	True
step1000	attention	0	bme_original	1	-3.87636214	-4.74924997	+0.87288783	True
step1000	attention	0	bme_original	2	-3.73304812	-3.90821662	+0.17516850	True
step1000	attention	0	bme_original	3	-5.05830956	-4.48329671	-0.57501284	True
step1000	attention	0	bme_heldout	1	-3.88006445	-4.74491031	+0.86484586	True
step1000	attention	0	bme_heldout	2	-3.76461951	-3.92075142	+0.15613192	True
step1000	attention	0	bme_heldout	3	-5.01936658	-4.48485819	-0.53450839	True
step1000	attention	1	bme_original	1	-3.87883993	-4.72567661	+0.84683668	True
step1000	attention	1	bme_original	2	-3.72414970	-3.89560347	+0.17145377	True
step1000	attention	1	bme_original	3	-5.06247266	-4.48288066	-0.57959201	True
step1000	attention	1	bme_heldout	1	-3.88416144	-4.72223781	+0.83807637	True
step1000	attention	1	bme_heldout	2	-3.75465107	-3.90727293	+0.15262186	True
step1000	attention	1	bme_heldout	3	-5.02664248	-4.48680115	-0.53984133	True
step1000	attention	2	bme_original	1	-3.86440981	-4.73999082	+0.87558101	True
step1000	attention	2	bme_original	2	-3.73251820	-3.90585562	+0.17333742	True
step1000	attention	2	bme_original	3	-5.04977385	-4.46915843	-0.58061543	True
step1000	attention	2	bme_heldout	1	-3.86696537	-4.73607753	+0.86911216	True
step1000	attention	2	bme_heldout	2	-3.76204077	-3.91632872	+0.15428795	True
step1000	attention	2	bme_heldout	3	-5.01184845	-4.47122701	-0.54062144	True
step1000	attention	3	bme_original	1	-3.86596269	-4.74468143	+0.87871874	True
step1000	attention	3	bme_original	2	-3.72297541	-3.90209932	+0.17912390	True
step1000	attention	3	bme_original	3	-5.04646238	-4.47306875	-0.57339363	True
step1000	attention	3	bme_heldout	1	-3.87103360	-4.74140637	+0.87037277	True
step1000	attention	3	bme_heldout	2	-3.75520452	-3.91573216	+0.16052765	True
step1000	attention	3	bme_heldout	3	-5.00845178	-4.47501577	-0.53343601	True
step1000	attention	4	bme_original	1	-3.88343342	-4.77478438	+0.89135097	True
step1000	attention	4	bme_original	2	-3.75587082	-3.92936795	+0.17349713	True
step1000	attention	4	bme_original	3	-5.07492415	-4.49136454	-0.58355961	True
step1000	attention	4	bme_heldout	1	-3.89172422	-4.77547631	+0.88375209	True
step1000	attention	4	bme_heldout	2	-3.78668626	-3.94160197	+0.15491571	True
step1000	attention	4	bme_heldout	3	-5.04118125	-4.49760488	-0.54357637	True
step1000	attention	5	bme_original	1	-3.90313075	-4.79043432	+0.88730357	True
step1000	attention	5	bme_original	2	-3.79109510	-3.95635869	+0.16526359	True
step1000	attention	5	bme_original	3	-5.08780607	-4.49470723	-0.59309883	True
step1000	attention	5	bme_heldout	1	-3.90025271	-4.78143839	+0.88118568	True
step1000	attention	5	bme_heldout	2	-3.81486193	-3.95927517	+0.14441324	True
step1000	attention	5	bme_heldout	3	-5.04316775	-4.48910929	-0.55405846	True
step1000	attention	8	bme_original	1	-3.86315331	-4.72982964	+0.86667633	True
step1000	attention	8	bme_original	2	-3.72259871	-3.89526573	+0.17266701	True
step1000	attention	8	bme_original	3	-5.04532973	-4.46939138	-0.57593835	True
step1000	attention	8	bme_heldout	1	-3.86798066	-4.72801414	+0.86003348	True
step1000	attention	8	bme_heldout	2	-3.75382264	-3.90806932	+0.15424667	True
step1000	attention	8	bme_heldout	3	-5.00724729	-4.47325439	-0.53399289	True
step1000	attention	23	bme_original	1	-3.82940028	-4.69699507	+0.86759479	True
step1000	attention	23	bme_original	2	-3.68662453	-3.86288159	+0.17625706	True
step1000	attention	23	bme_original	3	-5.00903988	-4.44137472	-0.56766516	True
step1000	attention	23	bme_heldout	1	-3.83404922	-4.69571921	+0.86166998	True
step1000	attention	23	bme_heldout	2	-3.71862253	-3.87624007	+0.15761754	True
step1000	attention	23	bme_heldout	3	-4.97074954	-4.44516602	-0.52558352	True
