checkpoint	component	layer	prompt	baseline	margin	delta	neutral_delta
step512	mlp	0	bme_original	-0.13009781	-0.17262322	-0.04252541	-0.33514640
step512	mlp	0	bme_heldout	-0.11833049	-0.15994561	-0.04161512	-0.33514640
step512	mlp	1	bme_original	-0.13009781	-0.13088379	-0.00078598	+0.00736654
step512	mlp	1	bme_heldout	-0.11833049	-0.11873216	-0.00040167	+0.00736654
step512	mlp	2	bme_original	-0.13009781	-0.12723158	+0.00286622	+0.01311293
step512	mlp	2	bme_heldout	-0.11833049	-0.11546361	+0.00286688	+0.01311293
step512	mlp	3	bme_original	-0.13009781	-0.12899045	+0.00110735	-0.02324350
step512	mlp	3	bme_heldout	-0.11833049	-0.11699337	+0.00133712	-0.02324350
step512	mlp	4	bme_original	-0.13009781	-0.13194653	-0.00184872	-0.08124978
step512	mlp	4	bme_heldout	-0.11833049	-0.11952177	-0.00119128	-0.08124978
step512	mlp	5	bme_original	-0.13009781	-0.13320215	-0.00310435	+0.01634961
step512	mlp	5	bme_heldout	-0.11833049	-0.12119751	-0.00286702	+0.01634961
step512	mlp	6	bme_original	-0.13009781	-0.12844642	+0.00165139	-0.02190926
step512	mlp	6	bme_heldout	-0.11833049	-0.11624859	+0.00208189	-0.02190926
step512	mlp	7	bme_original	-0.13009781	-0.13161942	-0.00152162	-0.00931422
step512	mlp	7	bme_heldout	-0.11833049	-0.11914467	-0.00081418	-0.00931422
step512	mlp	12	bme_original	-0.13009781	-0.13048996	-0.00039216	-0.01062084
step512	mlp	12	bme_heldout	-0.11833049	-0.11859737	-0.00026689	-0.01062084
step512	mlp	23	bme_original	-0.13009781	-0.13160299	-0.00150518	+0.01317542
step512	mlp	23	bme_heldout	-0.11833049	-0.11989561	-0.00156512	+0.01317542
step512	attention	0	bme_original	-0.13009781	-0.13036098	-0.00026317	+0.02047275
step512	attention	0	bme_heldout	-0.11833049	-0.11818339	+0.00014710	+0.02047275
step512	attention	1	bme_original	-0.13009781	-0.13160772	-0.00150992	-0.00111861
step512	attention	1	bme_heldout	-0.11833049	-0.11982586	-0.00149537	-0.00111861
step512	attention	2	bme_original	-0.13009781	-0.12799322	+0.00210458	-0.00722576
step512	attention	2	bme_heldout	-0.11833049	-0.11616662	+0.00216386	-0.00722576
step512	attention	3	bme_original	-0.13009781	-0.12839252	+0.00170528	+0.00571224
step512	attention	3	bme_heldout	-0.11833049	-0.11689777	+0.00143271	+0.00571224
step512	attention	4	bme_original	-0.13009781	-0.13120327	-0.00110547	+0.00552604
step512	attention	4	bme_heldout	-0.11833049	-0.11846793	-0.00013744	+0.00552604
step512	attention	5	bme_original	-0.13009781	-0.13290601	-0.00280820	-0.00021780
step512	attention	5	bme_heldout	-0.11833049	-0.12058941	-0.00225893	-0.00021780
step512	attention	8	bme_original	-0.13009781	-0.13055739	-0.00045958	+0.00668553
step512	attention	8	bme_heldout	-0.11833049	-0.11881626	-0.00048577	+0.00668553
step512	attention	23	bme_original	-0.13009781	-0.12827145	+0.00182636	-0.01338268
step512	attention	23	bme_heldout	-0.11833049	-0.11665955	+0.00167094	-0.01338268
step1000	mlp	0	bme_original	+0.15501227	-0.00296202	-0.15797429	-0.19054322
step1000	mlp	0	bme_heldout	+0.16089790	+0.00357482	-0.15732308	-0.19054322
step1000	mlp	1	bme_original	+0.15501227	+0.15824970	+0.00323744	-0.03383300
step1000	mlp	1	bme_heldout	+0.16089790	+0.16564118	+0.00474329	-0.03383300
step1000	mlp	2	bme_original	+0.15501227	+0.13793334	-0.01707893	-0.01083029
step1000	mlp	2	bme_heldout	+0.16089790	+0.14143018	-0.01946772	-0.01083029
step1000	mlp	3	bme_original	+0.15501227	+0.15691403	+0.00190177	+0.00692358
step1000	mlp	3	bme_heldout	+0.16089790	+0.16030703	-0.00059087	+0.00692358
step1000	mlp	4	bme_original	+0.15501227	+0.14686287	-0.00814939	-0.01384081
step1000	mlp	4	bme_heldout	+0.16089790	+0.15188467	-0.00901323	-0.01384081
step1000	mlp	5	bme_original	+0.15501227	+0.14625146	-0.00876081	+0.00206375
step1000	mlp	5	bme_heldout	+0.16089790	+0.15188653	-0.00901136	+0.00206375
step1000	mlp	6	bme_original	+0.15501227	+0.15808149	+0.00306923	-0.01607232
step1000	mlp	6	bme_heldout	+0.16089790	+0.16300999	+0.00211209	-0.01607232
step1000	mlp	7	bme_original	+0.15501227	+0.16096218	+0.00594992	-0.02415775
step1000	mlp	7	bme_heldout	+0.16089790	+0.16644260	+0.00554470	-0.02415775
step1000	mlp	12	bme_original	+0.15501227	+0.15500596	-0.00000631	-0.01100250
step1000	mlp	12	bme_heldout	+0.16089790	+0.16105659	+0.00015869	-0.01100250
step1000	mlp	23	bme_original	+0.15501227	+0.15498470	-0.00002756	-0.00585829
step1000	mlp	23	bme_heldout	+0.16089790	+0.16063926	-0.00025864	-0.00585829
step1000	attention	0	bme_original	+0.15501227	+0.15768116	+0.00266890	+0.08988617
step1000	attention	0	bme_heldout	+0.16089790	+0.16215646	+0.00125856	+0.08988617
step1000	attention	1	bme_original	+0.15501227	+0.14623281	-0.00877945	+0.01033374
step1000	attention	1	bme_heldout	+0.16089790	+0.15028563	-0.01061227	+0.01033374
step1000	attention	2	bme_original	+0.15501227	+0.15610100	+0.00108874	+0.00288546
step1000	attention	2	bme_heldout	+0.16089790	+0.16092622	+0.00002832	+0.00288546
step1000	attention	3	bme_original	+0.15501227	+0.16148300	+0.00647074	+0.03844988
step1000	attention	3	bme_heldout	+0.16089790	+0.16582147	+0.00492357	+0.03844988
step1000	attention	4	bme_original	+0.15501227	+0.16042949	+0.00541723	+0.04172016
step1000	attention	4	bme_heldout	+0.16089790	+0.16503048	+0.00413258	+0.04172016
step1000	attention	5	bme_original	+0.15501227	+0.15315611	-0.00185616	-0.00411824
step1000	attention	5	bme_heldout	+0.16089790	+0.15718015	-0.00371775	-0.00411824
step1000	attention	8	bme_original	+0.15501227	+0.15446833	-0.00054394	-0.01390848
step1000	attention	8	bme_heldout	+0.16089790	+0.16009575	-0.00080215	-0.01390848
step1000	attention	23	bme_original	+0.15501227	+0.15872890	+0.00371663	-0.02113097
step1000	attention	23	bme_heldout	+0.16089790	+0.16456800	+0.00367010	-0.02113097
