run	case	probe	saved_step_sha256	central_fraction	score_before	score_after	score_change	score_tangent	score_residual	logit_actual_l2	logit_tangent_l2	logit_residual_l2	jvp_fd_error_l2	activation_actual_l2	activation_tangent_l2	activation_residual_l2
learning-precise-005	layer0_one	train_moon	55e7479209fdee374ec57bf673d8358403919bec1f65425e4311fd6b13312900	0.0001	-9.236876834674636	-35.65680761178147	-26.41993077710682	34.96669884114501	-61.386629618251845	394648.1792765895	72498.33713841188	450484.00264027703	0.7541655174096331	959.1788787122541	1457.1731501830316	1645.4120784225865
learning-precise-005	layer0_one	train_mars	55e7479209fdee374ec57bf673d8358403919bec1f65425e4311fd6b13312900	0.0001	-8.149320441585292	-16.214354299725464	-8.065033858140174	2.7659571987283322	-10.830991056868509	82608.46350419808	21378.33664240264	80819.8310813461	0.07422642293729154	401.4630357859457	581.2481617823286	655.102219839933
learning-precise-005	layer0_one	heldout_moon	55e7479209fdee374ec57bf673d8358403919bec1f65425e4311fd6b13312900	0.0001	-8.176198445921589	-35.761541430282826	-27.585342984361237	20.723199684356576	-48.30854266871782	447072.0080242082	90409.63359170567	501009.9876678441	0.8443430972150864	1064.476306764634	2048.6278731406965	2172.630826645347
learning-precise-005	layer0_one	heldout_mars	55e7479209fdee374ec57bf673d8358403919bec1f65425e4311fd6b13312900	0.0001	-10.092199745887992	-38.13071746896694	-28.038517723078947	65.49390236801409	-93.53242009109304	454299.1957652055	170829.3432237085	584535.2739326677	9.934345191163803	1123.8049496526978	2584.1684176314448	2657.4353536063254
learning-precise-005	layer0_one	neutral_library	55e7479209fdee374ec57bf673d8358403919bec1f65425e4311fd6b13312900	0.0001	-7.326437870451473	-33.15396516919855	-25.827527298747082	11.121978189196412	-36.9495054879435	518074.94419056864	105486.05715406017	581923.8298335465	0.7997341726105004	1390.969776224617	1920.3935305932534	2206.3852640824357
learning-precise-005	layer0_one	neutral_carpenter	55e7479209fdee374ec57bf673d8358403919bec1f65425e4311fd6b13312900	0.0001	-8.172307526723241	-19.718972582805932	-11.546665056082693	7.939214815721143	-19.485879871803835	344033.7836503424	47471.232785901055	344409.1139480261	1.2249828548455721	992.5801698234641	1569.5684948897665	1788.5207540248775
learning-precise-005	layer0_one	neutral_rain	55e7479209fdee374ec57bf673d8358403919bec1f65425e4311fd6b13312900	0.0001	-7.054094584713552	-35.156623961034626	-28.102529376321076	23.40718544969414	-51.50971482601521	584977.1318573218	121928.91346522464	649549.2276011473	1.5544664363134344	1446.7135212634917	2532.4980790576615	2893.554414039116
learning-precise-005	layer0_two	train_moon	91a2f3e13e2678fe9490c6a4d28c1478d8663faa406b5a264c1f038bb0bf2e99	0.0001	-4.456205964841598	-3.279629835474735	1.1765761293668633	2.388603522242351	-1.2120273928754877	8149.297259686124	4981.974942589284	3821.7021874887564	0.00024206191636366088	100.59430710823943	93.68766970010108	62.187033971464935
learning-precise-005	layer0_two	train_mars	91a2f3e13e2678fe9490c6a4d28c1478d8663faa406b5a264c1f038bb0bf2e99	0.0001	-7.913383881302357	-7.664731870008268	0.24865201129408776	0.7219647919475783	-0.4733127806534907	844.3291435848539	2308.6478399463	2000.9924468034503	3.840944205663937e-05	49.88861111708245	69.35566419477172	60.31864377297474
learning-precise-005	layer0_two	heldout_moon	91a2f3e13e2678fe9490c6a4d28c1478d8663faa406b5a264c1f038bb0bf2e99	0.0001	-5.303333155215452	-4.533666626055938	0.7696665291595132	1.8285269272280056	-1.0588603980684923	8012.682207409061	5985.510602806624	3100.8249035260806	7.464462291364087e-05	98.1423015676441	94.87456543635842	60.53334725612678
learning-precise-005	layer0_two	heldout_mars	91a2f3e13e2678fe9490c6a4d28c1478d8663faa406b5a264c1f038bb0bf2e99	0.0001	-5.9386922499760875	-6.056671220790845	-0.11797897081475688	0.5645497738835834	-0.6825287446983402	6162.820501051884	4268.767897989097	3143.4170459709326	9.297605421093586e-05	95.47714885744375	93.71830653314586	66.02092688138382
learning-precise-005	layer0_two	neutral_library	91a2f3e13e2678fe9490c6a4d28c1478d8663faa406b5a264c1f038bb0bf2e99	0.0001	-7.416599721843951	-6.95391575914534	0.4626839626986109	0.5741256423327414	-0.11144167963413054	6078.163094097367	6007.578133968424	3504.3793208822617	0.00012799727205730605	136.16483871110378	153.38008147159988	93.99019573019832
learning-precise-005	layer0_two	neutral_carpenter	91a2f3e13e2678fe9490c6a4d28c1478d8663faa406b5a264c1f038bb0bf2e99	0.0001	-7.5229909229866525	-6.800973279300359	0.7220176436862938	-0.8077342716163932	1.529751915302687	8628.022290971281	34619.752101508035	42426.82688182624	0.0007331838187666506	127.40361533023655	246.70314604315936	298.2416146514003
learning-precise-005	layer0_two	neutral_rain	91a2f3e13e2678fe9490c6a4d28c1478d8663faa406b5a264c1f038bb0bf2e99	0.0001	-5.424849377709494	-5.326606696269266	0.09824268144022803	0.5901459697616568	-0.4919032883214289	4148.273727959511	5157.202231497782	3236.688082767809	0.000141548973083585	134.83596654857155	119.89407287174458	108.34954137901522
learning-precise-005	layer2_two	train_moon	6c9cc0a98d452c4440f9a816339cb8cc9bf3bfe02069da191908258fa1af0a05	0.0001	-3.344507531717504	-2.4341741476515297	0.910333384065974	1.2308718582294345	-0.3205384741634604	8035.221330790045	5843.299843387988	2599.5098024650356	3.900195982201584e-05	68.19342401613673	60.2278336812653	23.602137537237606
learning-precise-005	layer2_two	train_mars	6c9cc0a98d452c4440f9a816339cb8cc9bf3bfe02069da191908258fa1af0a05	0.0001	-3.9112041362745193	-2.88629845840158	1.02490567787294	1.361820170763131	-0.33691449289019104	8633.935075456184	6016.723569979759	3077.094003352196	1.3342980643701565e-05	75.64574190033933	69.8456653666966	32.31713946478419
learning-precise-005	layer2_two	heldout_moon	6c9cc0a98d452c4440f9a816339cb8cc9bf3bfe02069da191908258fa1af0a05	0.0001	-3.7703525767302017	-3.2795920371685185	0.49076053956168275	0.5952560141310496	-0.10449547456936685	9905.421283519285	6780.290939762956	3488.3233560551453	1.1335143952308924e-05	76.53673643276365	65.10416029817743	23.96571582078028
learning-precise-005	layer2_two	heldout_mars	6c9cc0a98d452c4440f9a816339cb8cc9bf3bfe02069da191908258fa1af0a05	0.0001	-4.932690064499191	-4.715796474711537	0.21689358978765538	0.42127528435173794	-0.2043816945640826	9285.516189570215	6813.6158372492255	2881.5864112206064	1.0878698610314197e-05	77.83307544076067	67.64935879070897	24.304166887147687
learning-precise-005	layer2_two	neutral_library	6c9cc0a98d452c4440f9a816339cb8cc9bf3bfe02069da191908258fa1af0a05	0.0001	-7.003407707690294	-8.078087325404578	-1.0746796177142843	-0.8604647683958395	-0.2142148493184448	8255.33980325333	5799.5423060314	2777.3103654132756	4.198194215420656e-05	108.25355846385783	99.70260075773753	35.99614519259037
learning-precise-005	layer2_two	neutral_carpenter	6c9cc0a98d452c4440f9a816339cb8cc9bf3bfe02069da191908258fa1af0a05	0.0001	-8.081942073910616	-9.36349188036065	-1.2815498064500355	-0.9710720811496446	-0.31047772530039097	10810.351522755462	7643.198346886077	3699.8367746788476	5.859523699702597e-05	125.88946453948132	115.25372712949407	53.6027859665194
learning-precise-005	layer2_two	neutral_rain	6c9cc0a98d452c4440f9a816339cb8cc9bf3bfe02069da191908258fa1af0a05	0.0001	-6.1990289503394935	-6.77667630753455	-0.5776473571950576	-0.4277143744796574	-0.1499329827154003	8083.976801530289	5901.725687661001	2563.338902632579	2.475017972243208e-05	94.00075985953869	86.36330271056478	28.484327643429797
learning-precise-001	layer0_one	train_moon	42074addd143b0fa98dc970e399fddca14d5688b781801935b9a69598440b13a	0.0001	-5.844754770895353	-5.72892890541271	0.11582586548264366	0.10355008723647499	0.012275778246168679	100.30604166092466	91.28459274806022	16.28029322273803	7.361353672233764e-06	4.96638540499436	4.481760868762087	0.8806318040572584
learning-precise-001	layer0_one	train_mars	42074addd143b0fa98dc970e399fddca14d5688b781801935b9a69598440b13a	0.0001	-7.676972315374296	-7.671442737540048	0.005529577834249367	0.00596804028301316	-0.00043846244876379265	24.298834361250933	25.041284456751615	1.4852451046379618	3.4384053217305546e-06	1.3819541943663316	1.4204484925305916	0.10548608862197244
learning-precise-001	layer0_one	heldout_moon	42074addd143b0fa98dc970e399fddca14d5688b781801935b9a69598440b13a	0.0001	-4.7423324884738305	-4.6822003847443865	0.060132103729445184	0.0541027587233247	0.006029345006120489	75.91682245891229	53.57786419074013	25.802027620844438	4.201157663289791e-06	4.348708940590779	3.9641240729431195	0.6733041826984912
learning-precise-001	layer0_one	heldout_mars	42074addd143b0fa98dc970e399fddca14d5688b781801935b9a69598440b13a	0.0001	-5.909376765619396	-5.876033948166141	0.03334281745325418	0.03585008734417466	-0.002507269890920479	84.48428440840739	57.34429584617533	51.95383209886458	6.974744164521251e-06	5.500451361945775	4.271094291860397	1.894574552591559
learning-precise-001	layer0_one	neutral_library	42074addd143b0fa98dc970e399fddca14d5688b781801935b9a69598440b13a	0.0001	-5.401780829957097	-5.391984666218387	0.009796163738710078	0.008739712971063868	0.0010564507676462094	60.8778856563712	60.83513020007335	9.940514122096856	1.3443838338784125e-05	4.000617178243294	4.0144651496503965	0.5703890710516948
learning-precise-001	layer0_one	neutral_carpenter	42074addd143b0fa98dc970e399fddca14d5688b781801935b9a69598440b13a	0.0001	-6.628126918363944	-6.628901848459756	-0.0007749300958113399	-0.0008747856921860722	9.98555963747324e-05	21.91323053252374	23.162391937340733	6.11168663125697	1.0639465833933677e-05	1.6740306511862464	1.6110585804195725	0.244095639398185
learning-precise-001	layer0_one	neutral_rain	42074addd143b0fa98dc970e399fddca14d5688b781801935b9a69598440b13a	0.0001	-4.817124881413078	-4.828303695721283	-0.011178814308204459	-0.00822521437740446	-0.0029535999308000008	276.03384687099606	258.77803330176357	25.50762199933943	1.272348320621043e-05	6.702511431495766	6.395297978883087	1.1093200239282648
learning-precise-001	layer0_two	train_moon	af3bffbd43f834ee25acb70a3f9df6ad7fa2b95f4f280017df81235704f79602	0.0001	-6.005647559031004	-5.989726485036494	0.015921073994511214	0.014814508964591525	0.00110656502991969	19.738095998937403	18.727168774046614	1.1210820027830029	7.861559303070996e-06	0.9010432415230177	0.8371540800831689	0.07038715418879589
learning-precise-001	layer0_two	train_mars	af3bffbd43f834ee25acb70a3f9df6ad7fa2b95f4f280017df81235704f79602	0.0001	-7.649868706876772	-7.64734030621956	0.00252840065721287	0.0031580064416992055	-0.0006296057844863356	19.817228310971203	19.313799461244955	0.8828558034457671	2.8145445597848335e-06	1.5025893152316168	1.4530458103900494	0.0863093766047747
learning-precise-001	layer0_two	heldout_moon	af3bffbd43f834ee25acb70a3f9df6ad7fa2b95f4f280017df81235704f79602	0.0001	-4.820894764138607	-4.812988056241963	0.007906707896644069	0.00721429869353452	0.0006924092031095468	10.235679921535484	9.860074656600068	0.8135960142240252	8.536340066111e-06	0.8323329977322697	0.7765304067597324	0.06174738864994184
learning-precise-001	layer0_two	heldout_mars	af3bffbd43f834ee25acb70a3f9df6ad7fa2b95f4f280017df81235704f79602	0.0001	-5.981180520171988	-5.974874243879603	0.006306276292384767	0.00568056118762792	0.0006257151047568462	11.472860566268684	10.598568634319665	0.9247423764338074	1.1250257397719242e-05	0.6826016109080598	0.6226382870124144	0.0633276013047818
learning-precise-001	layer0_two	neutral_library	af3bffbd43f834ee25acb70a3f9df6ad7fa2b95f4f280017df81235704f79602	0.0001	-5.395190531928189	-5.395066228406561	0.00012430352162851044	-3.9931871923503506e-05	0.00016423539355201394	13.609622472273315	12.778852891465226	1.3186817072048458	1.5454892666138705e-05	0.8168300901066929	0.7821288802573816	0.07566266794166784
learning-precise-001	layer0_two	neutral_carpenter	af3bffbd43f834ee25acb70a3f9df6ad7fa2b95f4f280017df81235704f79602	0.0001	-6.629484073595787	-6.6296280845263365	-0.00014401093055038672	-0.00012465368864499087	-1.9357241905395856e-05	23.952049823386258	22.88247439791291	1.129260602622195	7.913361098845324e-06	0.6700084251396706	0.6456684970039457	0.037068593212990227
learning-precise-001	layer0_two	neutral_rain	af3bffbd43f834ee25acb70a3f9df6ad7fa2b95f4f280017df81235704f79602	0.0001	-4.808245955830887	-4.809491801153517	-0.0012458453226303584	-0.0011477893814985777	-9.80559411317805e-05	29.064323370392287	25.737047999985997	3.978311418169831	9.86041641583494e-06	0.8440481999230622	0.7497128561997448	0.12362046058621647
learning-precise-001	layer2_two	train_moon	83204294824833053b3a1e40e3f33e942ad55905c619473aded644b7a5aaa64c	0.0001	-5.713017659970604	-5.573948088352827	0.13906957161777517	0.13263622889319232	0.006433342724582833	106.69804849587628	91.66776370063245	15.86013364335731	6.643550136097224e-06	4.826775390296247	4.429520242099856	0.546646425846119
learning-precise-001	layer2_two	train_mars	83204294824833053b3a1e40e3f33e942ad55905c619473aded644b7a5aaa64c	0.0001	-7.516246317707716	-7.403234510863174	0.11301180684454123	0.09795544180696918	0.01505636503757205	78.78845728019591	67.60300945773675	11.368150352827248	2.9624049387761483e-06	2.9714638364312225	2.595769259393951	0.38914150479676435
learning-precise-001	layer2_two	heldout_moon	83204294824833053b3a1e40e3f33e942ad55905c619473aded644b7a5aaa64c	0.0001	-4.652738366517979	-4.5541509690528335	0.09858739746514554	0.08906919136968099	0.009518206095464552	100.0417577157271	87.23938441451077	13.125928811475685	4.373632726531929e-06	3.769841761820794	3.3705652035783107	0.4203733267812366
learning-precise-001	layer2_two	heldout_mars	83204294824833053b3a1e40e3f33e942ad55905c619473aded644b7a5aaa64c	0.0001	-5.838245765302363	-5.76231194349686	0.07593382180550533	0.06975689453987853	0.0061769272656267945	103.68354384109024	87.50950021830899	16.6429693391612	7.158092420513495e-06	4.465729829450249	3.919223555936734	0.5842539170162413
learning-precise-001	layer2_two	neutral_library	83204294824833053b3a1e40e3f33e942ad55905c619473aded644b7a5aaa64c	0.0001	-5.4044443076318	-5.409348773484653	-0.004904465852852456	-0.00436887578400685	-0.0005355900688456056	96.93235621352493	85.10227266148607	12.466693787001974	1.1370590844081305e-05	5.353498266447137	4.716581671188369	0.6833794073776732
learning-precise-001	layer2_two	neutral_carpenter	83204294824833053b3a1e40e3f33e942ad55905c619473aded644b7a5aaa64c	0.0001	-6.645545755148044	-6.65771944687047	-0.012173691722425299	-0.010109952966530937	-0.0020637387558943656	100.8883670109067	91.10538178208934	12.19036518713474	9.10364822599371e-06	6.007223993679635	5.392021474401391	0.6560257875104499
learning-precise-001	layer2_two	neutral_rain	83204294824833053b3a1e40e3f33e942ad55905c619473aded644b7a5aaa64c	0.0001	-4.861037011478636	-4.882130654080211	-0.02109364260157487	-0.018448208130065202	-0.002645434471509664	123.245619101767	113.72361457000807	13.129876035846825	1.613858413765804e-05	6.131402647092324	5.470040533921846	0.7226760470201987
