mode	checkpoint	prompt	lens_index	location	aggregate_margin	pair1_margin	pair2_margin	pair3_margin	mean_kl_to_checkpoint_output
frozen-final	step512	bme_original	0	input	-0.1407170295715332	0.21751022338867188	0.3061857223510742	-0.9458470344543457	2.047697285811106
frozen-final	step512	bme_original	1	block0_post	-0.2520271937052409	0.5157480239868164	0.10742568969726562	-1.3792552947998047	4.094319224357605
frozen-final	step512	bme_original	2	block1_post	-0.4921989440917969	0.132598876953125	-0.2166919708251953	-1.3925037384033203	3.0706108808517456
frozen-final	step512	bme_original	3	block2_post	-0.2310479482014974	0.9955501556396484	-0.07275009155273438	-1.6159439086914062	2.927044153213501
frozen-final	step512	bme_original	4	block3_post	-0.39754708607991535	0.8929786682128906	-0.21816110610961914	-1.8674588203430176	2.593985915184021
frozen-final	step512	bme_original	5	block4_post	-0.24371798833211264	0.7356710433959961	0.29180383682250977	-1.7586288452148438	2.8849268356959024
frozen-final	step512	bme_original	6	block5_post	-0.48706483840942383	0.2756967544555664	0.2934379577636719	-2.0303292274475098	2.8333174784978232
frozen-final	step512	bme_original	7	block6_post	-0.39050881067911786	0.3567695617675781	0.48891210556030273	-2.0172080993652344	3.1749244928359985
frozen-final	step512	bme_original	8	block7_post	-0.4008777936299642	-0.01772308349609375	0.5211892127990723	-1.706099510192871	3.323123335838318
frozen-final	step512	bme_original	9	block8_post	-0.30916086832682294	0.2208843231201172	0.46021175384521484	-1.6085786819458008	3.6675657431284585
frozen-final	step512	bme_original	10	block9_post	-0.36544545491536456	0.20625591278076172	0.4136953353881836	-1.716287612915039	3.871297518412272
frozen-final	step512	bme_original	11	block10_post	-0.36164379119873047	0.07233047485351562	0.20684242248535156	-1.3641042709350586	3.848710616429647
frozen-final	step512	bme_original	12	block11_post	-0.24816767374674478	0.19887733459472656	0.2823066711425781	-1.225687026977539	4.039703130722046
frozen-final	step512	bme_original	13	block12_post	-0.4151147206624349	-0.04038047790527344	0.10742664337158203	-1.3123903274536133	4.111048301060994
frozen-final	step512	bme_original	14	block13_post	-0.5384422938028971	-0.2827634811401367	0.042687416076660156	-1.3752508163452148	4.371579726537068
frozen-final	step512	bme_original	15	block14_post	-0.5442841847737631	-0.2045154571533203	-0.11261558532714844	-1.3157215118408203	4.329411268234253
frozen-final	step512	bme_original	16	block15_post	-0.47945531209309894	-0.11341094970703125	-0.08979606628417969	-1.235158920288086	4.275114297866821
frozen-final	step512	bme_original	17	block16_post	-0.3690954844156901	0.0930633544921875	-0.110443115234375	-1.0899066925048828	4.547206163406372
frozen-final	step512	bme_original	18	block17_post	-0.2804768880208333	0.2901620864868164	-0.21609878540039062	-0.9154939651489258	4.679697195688884
frozen-final	step512	bme_original	19	block18_post	-0.3009490966796875	0.4730863571166992	-0.061860084533691406	-1.3140735626220703	4.856995582580566
frozen-final	step512	bme_original	20	block19_post	-0.3481912612915039	0.6424007415771484	0.1544189453125	-1.8413934707641602	4.647997697194417
frozen-final	step512	bme_original	21	block20_post	-0.10950565338134766	1.028045654296875	0.2149496078491211	-1.571512222290039	4.7912678718566895
frozen-final	step512	bme_original	22	block21_post	-0.15415032704671225	0.9529619216918945	0.25795841217041016	-1.6733713150024414	4.58543062210083
frozen-final	step512	bme_original	23	block22_post	-0.2931861877441406	0.9759807586669922	0.20937538146972656	-2.0649147033691406	4.885165611902873
frozen-final	step512	bme_original	model	model_output	-0.13009866078694662	0.21882009506225586	0.352602481842041	-0.9617185592651367	0.0
frozen-final	step512	bme_heldout	0	input	-0.1407170295715332	0.21751022338867188	0.3061857223510742	-0.9458470344543457	2.0560741821924844
frozen-final	step512	bme_heldout	1	block0_post	-0.25017038981119794	0.47908973693847656	0.1314544677734375	-1.3610553741455078	4.172712484995524
frozen-final	step512	bme_heldout	2	block1_post	-0.44683106740315753	0.14214515686035156	-0.1804037094116211	-1.3022346496582031	3.0917519330978394
frozen-final	step512	bme_heldout	3	block2_post	-0.2147976557413737	1.0083322525024414	-0.07747840881347656	-1.575246810913086	2.943735202153524
frozen-final	step512	bme_heldout	4	block3_post	-0.3755447069803874	0.9248275756835938	-0.24968767166137695	-1.801774024963379	2.5785168409347534
frozen-final	step512	bme_heldout	5	block4_post	-0.2526305516560872	0.745844841003418	0.2580385208129883	-1.761775016784668	2.8927117188771567
frozen-final	step512	bme_heldout	6	block5_post	-0.5190178553263346	0.27485084533691406	0.23881816864013672	-2.0707225799560547	2.8294819990793862
frozen-final	step512	bme_heldout	7	block6_post	-0.4168842633565267	0.3769559860229492	0.4486231803894043	-2.0762319564819336	3.165481607119242
frozen-final	step512	bme_heldout	8	block7_post	-0.4210507074991862	-0.032054901123046875	0.48711585998535156	-1.7182130813598633	3.297165314356486
frozen-final	step512	bme_heldout	9	block8_post	-0.34838390350341797	0.1800708770751953	0.4131784439086914	-1.6384010314941406	3.6466631094614663
frozen-final	step512	bme_heldout	10	block9_post	-0.4118051528930664	0.1404561996459961	0.36021995544433594	-1.7360916137695312	3.8526297012964883
frozen-final	step512	bme_heldout	11	block10_post	-0.40112463633219403	0.004073143005371094	0.15929317474365234	-1.3667402267456055	3.8573954900105796
frozen-final	step512	bme_heldout	12	block11_post	-0.2736641565958659	0.12928199768066406	0.2437906265258789	-1.1940650939941406	4.027211944262187
frozen-final	step512	bme_heldout	13	block12_post	-0.4264675776163737	-0.10186767578125	0.09242725372314453	-1.2699623107910156	4.0759603182474775
frozen-final	step512	bme_heldout	14	block13_post	-0.5291239420572916	-0.337493896484375	0.03339672088623047	-1.2832746505737305	4.324870745340983
frozen-final	step512	bme_heldout	15	block14_post	-0.5385287602742513	-0.2729988098144531	-0.11094474792480469	-1.231642723083496	4.277648051579793
frozen-final	step512	bme_heldout	16	block15_post	-0.48320865631103516	-0.19719409942626953	-0.08260250091552734	-1.1698293685913086	4.247874975204468
frozen-final	step512	bme_heldout	17	block16_post	-0.3542493184407552	0.03142356872558594	-0.10757160186767578	-0.9865999221801758	4.5358554522196455
frozen-final	step512	bme_heldout	18	block17_post	-0.2497126261393229	0.25306129455566406	-0.21155261993408203	-0.7906465530395508	4.670835494995117
frozen-final	step512	bme_heldout	19	block18_post	-0.26927757263183594	0.4679384231567383	-0.058394432067871094	-1.217376708984375	4.8731922308603925
frozen-final	step512	bme_heldout	20	block19_post	-0.2996072769165039	0.6636133193969727	0.15958309173583984	-1.7220182418823242	4.671693325042725
frozen-final	step512	bme_heldout	21	block20_post	-0.07008870442708333	1.0502262115478516	0.21726226806640625	-1.4777545928955078	4.830135663350423
frozen-final	step512	bme_heldout	22	block21_post	-0.10390567779541016	0.9831027984619141	0.2647218704223633	-1.5595417022705078	4.644656976064046
frozen-final	step512	bme_heldout	23	block22_post	-0.2354574203491211	0.9955348968505859	0.22656917572021484	-1.928476333618164	4.952302932739258
frozen-final	step512	bme_heldout	model	model_output	-0.11833031972249348	0.2270965576171875	0.3532986640930176	-0.9353861808776855	0.0
frozen-final	step512	unrelated_school_question	0	input	-0.1407170295715332	0.21751022338867188	0.3061857223510742	-0.9458470344543457	2.042979121208191
frozen-final	step512	unrelated_school_question	1	block0_post	-0.2578531901041667	0.5243682861328125	0.12729167938232422	-1.4252195358276367	4.161340991655986
frozen-final	step512	unrelated_school_question	2	block1_post	-0.48050721486409503	0.1309061050415039	-0.19757080078125	-1.374856948852539	3.0329277515411377
frozen-final	step512	unrelated_school_question	3	block2_post	-0.1994349161783854	1.0359487533569336	-0.05246925354003906	-1.5817842483520508	2.941683808962504
frozen-final	step512	unrelated_school_question	4	block3_post	-0.40262921651204425	0.8257150650024414	-0.16696500778198242	-1.8666377067565918	2.6466160217920938
frozen-final	step512	unrelated_school_question	5	block4_post	-0.24336862564086914	0.6867103576660156	0.3250908851623535	-1.7419071197509766	2.9725224574406943
frozen-final	step512	unrelated_school_question	6	block5_post	-0.5027969678243002	0.19963550567626953	0.32041454315185547	-2.0284409523010254	2.8909636735916138
frozen-final	step512	unrelated_school_question	7	block6_post	-0.3959511121114095	0.28728199005126953	0.5163435935974121	-1.9914789199829102	3.2519956827163696
frozen-final	step512	unrelated_school_question	8	block7_post	-0.39358027776082355	-0.059798240661621094	0.5478816032409668	-1.6688241958618164	3.420618693033854
frozen-final	step512	unrelated_school_question	9	block8_post	-0.3006458282470703	0.18140602111816406	0.4849109649658203	-1.5682544708251953	3.7666656176249185
frozen-final	step512	unrelated_school_question	10	block9_post	-0.34063466389973956	0.18715953826904297	0.44284629821777344	-1.6519098281860352	3.938422918319702
frozen-final	step512	unrelated_school_question	11	block10_post	-0.3778851826985677	0.02815532684326172	0.21152114868164062	-1.3733320236206055	3.883255044619242
frozen-final	step512	unrelated_school_question	12	block11_post	-0.26030953725179035	0.19596290588378906	0.2675657272338867	-1.2444572448730469	4.081363956133525
frozen-final	step512	unrelated_school_question	13	block12_post	-0.4342966079711914	-0.048447608947753906	0.10688018798828125	-1.3613224029541016	4.1413469314575195
frozen-final	step512	unrelated_school_question	14	block13_post	-0.5693467458089193	-0.2856721878051758	0.02985858917236328	-1.4522266387939453	4.3771772384643555
frozen-final	step512	unrelated_school_question	15	block14_post	-0.5825363794962565	-0.2341318130493164	-0.12770462036132812	-1.385772705078125	4.346436977386475
frozen-final	step512	unrelated_school_question	16	block15_post	-0.5318673451741537	-0.1727609634399414	-0.10298633575439453	-1.319854736328125	4.308450738588969
frozen-final	step512	unrelated_school_question	17	block16_post	-0.41286468505859375	0.054370880126953125	-0.12056350708007812	-1.1724014282226562	4.596737623214722
frozen-final	step512	unrelated_school_question	18	block17_post	-0.3136129379272461	0.2316436767578125	-0.2184009552001953	-0.9540815353393555	4.728909095128377
frozen-final	step512	unrelated_school_question	19	block18_post	-0.3201640446980794	0.42183780670166016	-0.066497802734375	-1.3158321380615234	4.919946114222209
frozen-final	step512	unrelated_school_question	20	block19_post	-0.3745155334472656	0.5915908813476562	0.1673259735107422	-1.8824634552001953	4.7340521812438965
frozen-final	step512	unrelated_school_question	21	block20_post	-0.13173707326253256	0.9774465560913086	0.2237682342529297	-1.596426010131836	4.869589726130168
frozen-final	step512	unrelated_school_question	22	block21_post	-0.1729892094930013	0.9119586944580078	0.2781362533569336	-1.7090625762939453	4.679921944936116
frozen-final	step512	unrelated_school_question	23	block22_post	-0.298641840616862	0.9620342254638672	0.2480335235595703	-2.1059932708740234	4.944045861562093
frozen-final	step512	unrelated_school_question	model	model_output	-0.1458109219868978	0.20165634155273438	0.3370552062988281	-0.9761443138122559	0.0
frozen-final	step1000	bme_original	0	input	-0.1739966074625651	0.10848712921142578	0.2776951789855957	-0.9081721305847168	2.9330730040868125
frozen-final	step1000	bme_original	1	block0_post	-0.19629287719726562	0.5607433319091797	0.13335609436035156	-1.2829780578613281	4.591601848602295
frozen-final	step1000	bme_original	2	block1_post	-0.19444847106933594	0.9405202865600586	0.03831195831298828	-1.5621776580810547	3.569122234980265
frozen-final	step1000	bme_original	3	block2_post	-0.1627200444539388	0.9237880706787109	-0.06070280075073242	-1.351245403289795	3.489109834035238
frozen-final	step1000	bme_original	4	block3_post	-0.5970956484476725	0.26465511322021484	-0.29802370071411133	-1.757918357849121	3.119555036226908
frozen-final	step1000	bme_original	5	block4_post	-0.6397843360900879	0.006916999816894531	-0.11518383026123047	-1.8110861778259277	3.246603488922119
frozen-final	step1000	bme_original	6	block5_post	-0.2803637186686198	0.5981173515319824	0.060762882232666016	-1.4999713897705078	2.796076456705729
frozen-final	step1000	bme_original	7	block6_post	-0.282442569732666	0.5252437591552734	0.1858692169189453	-1.5584406852722168	2.7114278078079224
frozen-final	step1000	bme_original	8	block7_post	-0.2830314636230469	0.37546777725219727	0.13023757934570312	-1.354799747467041	2.717441201210022
frozen-final	step1000	bme_original	9	block8_post	-0.2575794855753581	0.4367666244506836	-0.02811145782470703	-1.1813936233520508	2.583770513534546
frozen-final	step1000	bme_original	10	block9_post	-0.37061675389607746	0.19242572784423828	-0.03272724151611328	-1.2715487480163574	2.5275443394978843
frozen-final	step1000	bme_original	11	block10_post	-0.3911716143290202	0.3370676040649414	-0.10682106018066406	-1.403761386871338	2.488243301709493
frozen-final	step1000	bme_original	12	block11_post	-0.3107382456461589	0.6595664024353027	-0.03263711929321289	-1.5591440200805664	2.5434666872024536
frozen-final	step1000	bme_original	13	block12_post	-0.4006800651550293	0.7237133979797363	-0.12369632720947266	-1.8020572662353516	2.612341523170471
frozen-final	step1000	bme_original	14	block13_post	-0.2943655649820964	0.9910593032836914	-0.25861263275146484	-1.6155433654785156	2.711187561353048
frozen-final	step1000	bme_original	15	block14_post	-0.17484664916992188	1.1301093101501465	-0.3683004379272461	-1.286348819732666	2.616376598676046
frozen-final	step1000	bme_original	16	block15_post	-0.07143163681030273	1.2128911018371582	-0.35395145416259766	-1.0732345581054688	2.5896414518356323
frozen-final	step1000	bme_original	17	block16_post	0.16889111200968424	1.4228763580322266	-0.31121015548706055	-0.6049928665161133	2.6956870953241983
frozen-final	step1000	bme_original	18	block17_post	0.1530278523763021	1.3866219520568848	-0.4119582176208496	-0.5155801773071289	2.6738677422205606
frozen-final	step1000	bme_original	19	block18_post	0.038537820180257164	1.3521728515625	-0.4571695327758789	-0.7793898582458496	2.8364261388778687
frozen-final	step1000	bme_original	20	block19_post	-0.2638193766276042	1.0439014434814453	-0.581942081451416	-1.2534174919128418	2.7950061559677124
frozen-final	step1000	bme_original	21	block20_post	-0.19631671905517578	1.1292738914489746	-0.6044802665710449	-1.113743782043457	2.857160488764445
frozen-final	step1000	bme_original	22	block21_post	-0.3417997360229492	0.9534296989440918	-0.6069197654724121	-1.3719091415405273	2.821659286816915
frozen-final	step1000	bme_original	23	block22_post	-0.5412586530049642	0.9832139015197754	-0.7115659713745117	-1.8954238891601562	3.3275696436564126
frozen-final	step1000	bme_original	model	model_output	0.1550123691558838	0.8675949573516846	0.17315959930419922	-0.5757174491882324	0.0
frozen-final	step1000	bme_heldout	0	input	-0.1739966074625651	0.10848712921142578	0.2776951789855957	-0.9081721305847168	2.9601835012435913
frozen-final	step1000	bme_heldout	1	block0_post	-0.20018863677978516	0.5366392135620117	0.1270303726196289	-1.264235496520996	4.5644599596659345
frozen-final	step1000	bme_heldout	2	block1_post	-0.19434785842895508	0.9216508865356445	0.04692649841308594	-1.5516209602355957	3.5653523206710815
frozen-final	step1000	bme_heldout	3	block2_post	-0.1717524528503418	0.8960056304931641	-0.07622146606445312	-1.3350415229797363	3.453756809234619
frozen-final	step1000	bme_heldout	4	block3_post	-0.6037327448527018	0.27503490447998047	-0.3038158416748047	-1.7824172973632812	3.117947300275167
frozen-final	step1000	bme_heldout	5	block4_post	-0.6509955724080404	-0.0071048736572265625	-0.11716938018798828	-1.8287124633789062	3.251872261365255
frozen-final	step1000	bme_heldout	6	block5_post	-0.2975622812906901	0.5732994079589844	0.04824638366699219	-1.5142326354980469	2.805110136667887
frozen-final	step1000	bme_heldout	7	block6_post	-0.3178599675496419	0.46958303451538086	0.16715049743652344	-1.59031343460083	2.714827219645182
frozen-final	step1000	bme_heldout	8	block7_post	-0.31712690989176434	0.31369447708129883	0.12051677703857422	-1.385591983795166	2.7406381368637085
frozen-final	step1000	bme_heldout	9	block8_post	-0.30239232381184894	0.3505129814147949	-0.02993488311767578	-1.227755069732666	2.6136250098546348
frozen-final	step1000	bme_heldout	10	block9_post	-0.39960559209187824	0.10927248001098633	-0.035047054290771484	-1.2730422019958496	2.5364518562952676
frozen-final	step1000	bme_heldout	11	block10_post	-0.4040107727050781	0.27587223052978516	-0.11839962005615234	-1.3695049285888672	2.499038894971212
frozen-final	step1000	bme_heldout	12	block11_post	-0.3369167645772298	0.5718955993652344	-0.05556964874267578	-1.527076244354248	2.532194177309672
frozen-final	step1000	bme_heldout	13	block12_post	-0.40810394287109375	0.6611142158508301	-0.12965154647827148	-1.7557744979858398	2.5855108896891275
frozen-final	step1000	bme_heldout	14	block13_post	-0.28945382436116535	0.9656686782836914	-0.2706151008605957	-1.5634150505065918	2.6867507696151733
frozen-final	step1000	bme_heldout	15	block14_post	-0.15759515762329102	1.0725364685058594	-0.38132524490356445	-1.163996696472168	2.586468060811361
frozen-final	step1000	bme_heldout	16	block15_post	-0.05187718073527018	1.1515121459960938	-0.35997438430786133	-0.947169303894043	2.5609750350316367
frozen-final	step1000	bme_heldout	17	block16_post	0.1799184481302897	1.3653368949890137	-0.3233814239501953	-0.5022001266479492	2.6884904702504477
frozen-final	step1000	bme_heldout	18	block17_post	0.1587209701538086	1.316887378692627	-0.41471099853515625	-0.4260134696960449	2.63919460773468
frozen-final	step1000	bme_heldout	19	block18_post	0.04375251134236654	1.2888445854187012	-0.44989538192749023	-0.7076916694641113	2.806771914164225
frozen-final	step1000	bme_heldout	20	block19_post	-0.23308642705281576	1.0131664276123047	-0.5737824440002441	-1.1386432647705078	2.764781634012858
frozen-final	step1000	bme_heldout	21	block20_post	-0.16103633244832358	1.1376137733459473	-0.5976800918579102	-1.0230426788330078	2.825800975163778
frozen-final	step1000	bme_heldout	22	block21_post	-0.27891016006469727	0.9835305213928223	-0.5679793357849121	-1.252281665802002	2.8097036679585776
frozen-final	step1000	bme_heldout	23	block22_post	-0.4529252052307129	1.0467214584350586	-0.6664958000183105	-1.7390012741088867	3.280087113380432
frozen-final	step1000	bme_heldout	model	model_output	0.16089685757954916	0.8616700172424316	0.1545579433441162	-0.5335373878479004	0.0
frozen-final	step1000	unrelated_school_question	0	input	-0.1739966074625651	0.10848712921142578	0.2776951789855957	-0.9081721305847168	2.736240824063619
frozen-final	step1000	unrelated_school_question	1	block0_post	-0.21323871612548828	0.5877275466918945	0.15150737762451172	-1.378951072692871	4.414575735727946
frozen-final	step1000	unrelated_school_question	2	block1_post	-0.21621370315551758	0.9402885437011719	0.0610198974609375	-1.649949550628662	3.426047126452128
frozen-final	step1000	unrelated_school_question	3	block2_post	-0.169004758199056	0.9370231628417969	-0.05626487731933594	-1.387772560119629	3.347696383794149
frozen-final	step1000	unrelated_school_question	4	block3_post	-0.6323083241780599	0.29175281524658203	-0.2939882278442383	-1.8946895599365234	3.053350329399109
frozen-final	step1000	unrelated_school_question	5	block4_post	-0.6560158729553223	0.031531333923339844	-0.12118148803710938	-1.8783974647521973	3.194427768389384
frozen-final	step1000	unrelated_school_question	6	block5_post	-0.3206421534220378	0.5602884292602539	0.048511505126953125	-1.5707263946533203	2.7332621415456138
frozen-final	step1000	unrelated_school_question	7	block6_post	-0.32640234629313153	0.48484373092651367	0.1670665740966797	-1.631117343902588	2.62826136747996
frozen-final	step1000	unrelated_school_question	8	block7_post	-0.33643023173014325	0.31421661376953125	0.09775543212890625	-1.4212627410888672	2.626843571662903
frozen-final	step1000	unrelated_school_question	9	block8_post	-0.2821356455485026	0.42673206329345703	-0.04487800598144531	-1.2282609939575195	2.491908629735311
frozen-final	step1000	unrelated_school_question	10	block9_post	-0.3894947369893392	0.2115321159362793	-0.04281330108642578	-1.337203025817871	2.4106284379959106
frozen-final	step1000	unrelated_school_question	11	block10_post	-0.40059375762939453	0.38730335235595703	-0.0953831672668457	-1.493701457977295	2.3906065225601196
frozen-final	step1000	unrelated_school_question	12	block11_post	-0.3278338114420573	0.6717238426208496	-0.01311635971069336	-1.6421089172363281	2.47362486521403
frozen-final	step1000	unrelated_school_question	13	block12_post	-0.4364074071248372	0.7024908065795898	-0.09053468704223633	-1.9211783409118652	2.6111971139907837
frozen-final	step1000	unrelated_school_question	14	block13_post	-0.3459676106770833	0.9502472877502441	-0.1982097625732422	-1.789940357208252	2.7614373366038003
frozen-final	step1000	unrelated_school_question	15	block14_post	-0.26294612884521484	1.0757451057434082	-0.33910322189331055	-1.5254802703857422	2.728869676589966
frozen-final	step1000	unrelated_school_question	16	block15_post	-0.23365449905395508	1.0958919525146484	-0.35574769973754883	-1.4411077499389648	2.7127148310343423
frozen-final	step1000	unrelated_school_question	17	block16_post	0.033531506856282554	1.2545170783996582	-0.2738924026489258	-0.8800301551818848	2.7865920066833496
frozen-final	step1000	unrelated_school_question	18	block17_post	-0.025847593943277996	1.1788878440856934	-0.3693203926086426	-0.8871102333068848	2.746573726336161
frozen-final	step1000	unrelated_school_question	19	block18_post	-0.15517791112263998	1.131577491760254	-0.432034969329834	-1.1650762557983398	2.9787861903508506
frozen-final	step1000	unrelated_school_question	20	block19_post	-0.44295263290405273	0.8338494300842285	-0.5514554977416992	-1.6112518310546875	2.8942450682322183
frozen-final	step1000	unrelated_school_question	21	block20_post	-0.35435930887858075	0.9798698425292969	-0.576481819152832	-1.466465950012207	2.9579416513442993
frozen-final	step1000	unrelated_school_question	22	block21_post	-0.5132926305135092	0.7167458534240723	-0.5551905632019043	-1.7014331817626953	2.901834011077881
frozen-final	step1000	unrelated_school_question	23	block22_post	-0.7036991119384766	0.7317309379577637	-0.655336856842041	-2.1874914169311523	3.42795467376709
frozen-final	step1000	unrelated_school_question	model	model_output	0.07837756474812825	0.7932639122009277	0.15909862518310547	-0.7172298431396484	0.0
