case	step	train_loss_before	grad_a_l2	grad_b_l2	B_deltaA_l2	deltaB_A_l2	deltaB_deltaA_l2	reconstruction_error_l2
layer0_two	1	6.872614860534668	0.0	0.6811881769501371	0.0	0.01981386689928289	0.0	0.0
layer0_two	2	6.849461555480957	0.452991295633365	0.6520361375546031	0.0007714308370448794	0.018965914904071863	0.0007384167711840986	1.3808896469070874e-09
layer0_two	3	6.818703651428223	0.6251292843481987	0.6946712718763913	0.002082753965892421	0.020287393729807923	0.0010856484075914008	1.917061324518883e-09
layer0_two	4	6.762693405151367	1.0210599590415592	1.0894777797416046	0.004658783744642994	0.03198755397306354	0.002781055387656298	2.9366848542405908e-09
layer0_two	5	6.632998466491699	1.242226442907839	1.9174490351854274	0.00866056287316313	0.05716832587197036	0.005954764918338485	4.848677660823812e-09
layer0_two	6	6.489494323730469	2.0528521222227196	4.506581729196634	0.021092996137965545	0.13762099506231706	0.023128366321047235	1.0350407590793195e-08
layer0_two	7	7.862721920013428	3.1412793780016424	7.672850044774181	0.055828326559736095	0.24770922370735377	0.06025641619310623	1.9120127136139247e-08
layer0_two	8	6.184656143188477	2.063062485030516	5.181244734884322	0.058743497569869206	0.18177753733617316	0.02672307983102065	1.8011220063041564e-08
layer2_two	1	6.872614860534668	0.0	1.0843860286357363	0.0	0.03154176947502465	0.0	0.0
layer2_two	2	6.815464973449707	1.4038017250985115	1.0231809062125559	0.0038056574564952214	0.029761483188015105	0.003590857843761727	2.227709432864669e-09
layer2_two	3	6.591551780700684	2.3418443358568597	2.527419441759227	0.012333825737241939	0.07464357951938623	0.014797057386466745	5.940577069679125e-09
layer2_two	4	5.753875255584717	4.451621308249189	4.731105317111566	0.05070682284433658	0.14724225566116847	0.05265272448576096	1.3845432058881005e-08
layer2_two	5	4.042903900146484	0.41042156816606784	8.437505440250169	0.009203581385812329	0.3072074624460875	0.008657334806449287	2.1911160284832313e-08
layer2_two	6	4.158723831176758	0.6687258117091979	10.167116606600754	0.02096950328418225	0.37524713658170006	0.016997536764277756	2.7961288550525713e-08
layer2_two	7	4.037543773651123	2.5024242422119993	9.078972799667365	0.09952714180368304	0.3295397116818879	0.05679860808344997	2.7588454247529075e-08
layer2_two	8	3.6278562545776367	2.0650787240781487	4.6543600007743455	0.08855296754085107	0.1542551855730685	0.02402905118513261	2.3842289366799474e-08
layer0_one	1	6.054210186004639	0.0	0.912527737633361	0.0	0.02654289060725412	0.0	0.0
layer0_one	2	6.0131072998046875	1.1921392857665345	0.8818399348440296	0.0027196504934280073	0.025650268105834102	0.002628190179773837	1.8834446935972437e-09
layer0_one	3	5.868534564971924	1.1773008709469976	3.5726839763716427	0.005277192382451259	0.10507434561750183	0.010515310361091497	7.0354466378325974e-09
layer0_one	4	5.385321140289307	15.609355515104431	21.211863699520887	0.16951148634651353	0.6334156083007927	0.827758827575885	5.989448867121697e-08
layer0_one	5	18.156335830688477	33.0442591255026	67.84930766101185	1.6729578630593036	3.070227675785445	5.605075393426773	3.4805290198864456e-07
layer0_one	6	36.78743362426758	13.897458846126789	40.88323009197173	2.3414156657230265	3.1460813191901917	1.4204325796188104	2.663859186760714e-07
layer0_one	7	22.862102508544922	14.987093165411407	27.96835127639606	2.816565248636608	1.6818852430582725	1.0479107350638455	2.2010173541160516e-07
layer0_one	8	9.236875534057617	22.4843517584759	13.92123388276211	4.293426406743981	0.4970910392973694	0.7825248361386111	2.8817445530434543e-07
